authority;EconomicOperands;33
Definitions;EconomicOperands;5
general;FunctionWords;71
In;FunctionWords;19
title;LegalReferences;92
the;FunctionWords;2598
following;FunctionWords;9
definitions;EconomicOperands;4
shall;RegulatoryOperators;388
apply;RegulatoryOperators;22
receiver;EconomicOperands;270
The;FunctionWords;155
term;Other;51
includes;LogicalConnectors;6
actual;EconomicOperands;4
necessary;Attributes;29
costs;EconomicOperands;4
and;LogicalConnectors;693
expenses;EconomicOperands;13
by;FunctionWords;281
Corporation;EconomicOperands;502
as;LogicalConnectors;383
for;LogicalConnectors;347
a;FunctionWords;646
company;EconomicOperands;668
in;FunctionWords;458
any;FunctionWords;636
obligations;EconomicOperands;55
that;FunctionWords;199
determines;RegulatoryOperators;21
are;FunctionWords;58
appropriate;Attributes;48
to;FunctionWords;926
facilitate;EconomicOperands;4
orderly;EconomicOperands;37
liquidation;EconomicOperands;61
of;FunctionWords;1775
code;EconomicOperands;2
Code;EconomicOperands;42
means;Other;44
11;LegalReferences;2
new;EconomicOperands;2
organized;EconomicOperands;6
with;FunctionWords;203
210(h);LegalReferences;1
resolving;EconomicOperands;1
Claim;EconomicOperands;1
claim;EconomicOperands;92
right;EconomicOperands;28
payment;EconomicOperands;22
whether;LogicalConnectors;30
or;LogicalConnectors;986
not;LogicalConnectors;146
such;FunctionWords;442
is;FunctionWords;240
reduced;EconomicOperands;1
judgment;EconomicOperands;6
fixed;EconomicOperands;2
contingent;EconomicOperands;7
legal;EconomicOperands;8
equitable;Attributes;1
secured;EconomicOperands;16
unsecured;EconomicOperands;18
Company;EconomicOperands;1
has;FunctionWords;64
same;LogicalConnectors;18
meaning;Other;9
2(b);LegalReferences;1
1841(b));LegalReferences;1
except;LogicalConnectors;22
described;Other;59
(11);LegalReferences;1
securities;EconomicOperands;32
which;FunctionWords;164
owned;EconomicOperands;2
States;EconomicOperands;59
State;EconomicOperands;57
Court;EconomicOperands;22
District;EconomicOperands;3
Columbia;EconomicOperands;2
unless;LogicalConnectors;16
context;Other;1
otherwise;LogicalConnectors;38
requires;RegulatoryOperators;3
dealer;EconomicOperands;49
broker;EconomicOperands;8
registered;EconomicOperands;4
Commission;EconomicOperands;14
under;FunctionWords;378
15(b);LegalReferences;3
78o(b));LegalReferences;2
member;EconomicOperands;14
SIPC;EconomicOperands;34
determination;EconomicOperands;33
been;FunctionWords;44
made;FunctionWords;26
203(b);LegalReferences;3
include;LogicalConnectors;17
an;FunctionWords;137
institution;EconomicOperands;27
subsidiary;EconomicOperands;23
than;LogicalConnectors;97
covered;EconomicOperands;19
brokers;EconomicOperands;5
dealers;EconomicOperands;5
terms;Other;34
customer;EconomicOperands;28
property;EconomicOperands;68
equity;EconomicOperands;14
have;FunctionWords;59
meanings;Other;4
16;LegalReferences;1
78lll);LegalReferences;1
incorporated;EconomicOperands;4
provision;EconomicOperands;48
Federal;EconomicOperands;46
law;EconomicOperands;80
laws;EconomicOperands;17
defined;EconomicOperands;18
2(a);LegalReferences;1
1841(a));LegalReferences;1
Governors;EconomicOperands;27
engaged;EconomicOperands;9
activities;EconomicOperands;8
determined;RegulatoryOperators;23
financial;EconomicOperands;84
nature;EconomicOperands;5
incidental;EconomicOperands;5
thereto;FunctionWords;9
purposes;EconomicOperands;41
4(k);LegalReferences;3
1843(k));LegalReferences;3
(i);LegalReferences;28
(iii);LegalReferences;2
company);EconomicOperands;3
System;EconomicOperands;1
chartered;EconomicOperands;2
provisions;EconomicOperands;28
1971;LegalReferences;1
amended;Other;6
governmental;EconomicOperands;5
entity;EconomicOperands;14
regulated;RegulatoryOperators;1
section;LegalReferences;59
1992;LegalReferences;1
Fund;EconomicOperands;19
Orderly;EconomicOperands;7
Liquidation;EconomicOperands;4
established;RegulatoryOperators;28
210(n);LegalReferences;1
insurance;EconomicOperands;8
regulation;EconomicOperands;10
regulator;EconomicOperands;1
designed;EconomicOperands;1
specifically;LogicalConnectors;4
deal;EconomicOperands;2
rehabilitation;EconomicOperands;3
insolvency;EconomicOperands;19
governors;EconomicOperands;1
Securities;EconomicOperands;6
Protection;EconomicOperands;6
criteria;EconomicOperands;2
For;LogicalConnectors;22
purpose;EconomicOperands;6
definition;EconomicOperands;10
(a)(11);LegalReferences;3
no;FunctionWords;34
be;FunctionWords;241
deemed;RegulatoryOperators;14
if;LogicalConnectors;67
consolidated;EconomicOperands;7
revenues;EconomicOperands;3
from;FunctionWords;75
constitute;EconomicOperands;3
percent;Attributes;5
consultation;EconomicOperands;12
Secretary;EconomicOperands;70
establish;RegulatoryOperators;9
determining;EconomicOperands;6
derived;EconomicOperands;1
ownership;EconomicOperands;2
control;EconomicOperands;4
included;EconomicOperands;3
review;EconomicOperands;14
Commencement;EconomicOperands;1
Petition;EconomicOperands;3
district;EconomicOperands;8
court;EconomicOperands;44
Subsequent;FunctionWords;2
203;LegalReferences;4
notify;EconomicOperands;9
If;LogicalConnectors;26
board;EconomicOperands;9
directors;EconomicOperands;17
(or;LogicalConnectors;16
body;EconomicOperands;5
performing;EconomicOperands;5
similar;LogicalConnectors;16
functions);EconomicOperands;4
consents;EconomicOperands;3
appointment;EconomicOperands;70
appoint;EconomicOperands;7
consent;EconomicOperands;11
petition;EconomicOperands;11
order;EconomicOperands;19
authorizing;RegulatoryOperators;3
Form;EconomicOperands;1
content;Other;1
present;FunctionWords;11
all;FunctionWords;87
relevant;Attributes;2
findings;EconomicOperands;4
recommendation;EconomicOperands;13
203(a);LegalReferences;1
filed;EconomicOperands;23
Determination;EconomicOperands;5
On;FunctionWords;2
strictly;Attributes;1
confidential;EconomicOperands;1
basis;Other;13
without;FunctionWords;30
prior;EconomicOperands;7
disclosure;EconomicOperands;1
after;LogicalConnectors;80
notice;EconomicOperands;32
hearing;EconomicOperands;6
may;FunctionWords;144
determine;RegulatoryOperators;20
default;EconomicOperands;47
201(a)(11);LegalReferences;4
arbitrary;EconomicOperands;5
capricious;EconomicOperands;5
Issuance;EconomicOperands;1
issue;EconomicOperands;19
immediately;Attributes;13
provide;EconomicOperands;28
written;EconomicOperands;13
statement;EconomicOperands;7
each;FunctionWords;26
reason;EconomicOperands;6
supporting;EconomicOperands;2
its;FunctionWords;76
immediate;EconomicOperands;5
opportunity;EconomicOperands;3
amend;EconomicOperands;5
granted;LogicalConnectors;10
operation;EconomicOperands;9
make;FunctionWords;24
within;LogicalConnectors;14
hours;Attributes;2
receipt;EconomicOperands;4
further;LogicalConnectors;10
action;EconomicOperands;66
take;FunctionWords;19
actions;EconomicOperands;28
authorized;RegulatoryOperators;22
Effect;EconomicOperands;3
(A);LegalReferences;41
final;EconomicOperands;17
appeal;EconomicOperands;15
only;LogicalConnectors;12
(2);LegalReferences;15
decision;EconomicOperands;10
stay;EconomicOperands;4
pending;FunctionWords;3
Upon;FunctionWords;12
conclusion;EconomicOperands;1
proceedings;EconomicOperands;5
record;EconomicOperands;6
copies;EconomicOperands;1
thereof;FunctionWords;14
Criminal;EconomicOperands;1
penalties;EconomicOperands;2
A;FunctionWords;13
person;EconomicOperands;48
who;FunctionWords;13
recklessly;EconomicOperands;1
discloses;EconomicOperands;1
provided;LogicalConnectors;51
fined;EconomicOperands;1
more;LogicalConnectors;35
imprisoned;EconomicOperands;1
years;Attributes;4
both;FunctionWords;6
Appeal;EconomicOperands;3
decisions;EconomicOperands;1
appeals;EconomicOperands;1
(ii);LegalReferences;9
Appeals;EconomicOperands;6
Circuit;EconomicOperands;1
jurisdiction;EconomicOperands;13
through;FunctionWords;8
notwithstanding;LogicalConnectors;12
days;Attributes;24
date;EconomicOperands;134
on;FunctionWords;189
subsection;LegalReferences;48
Condition;EconomicOperands;1
did;FunctionWords;2
(1)(A);LegalReferences;3
consider;EconomicOperands;6
this;FunctionWords;39
subparagraph;Other;18
expedited;EconomicOperands;5
Scope;EconomicOperands;5
taken;Other;17
Written;EconomicOperands;2
event;EconomicOperands;4
Establishment;RegulatoryOperators;3
transmittal;EconomicOperands;1
rules;EconomicOperands;19
procedures;EconomicOperands;18
months;Attributes;9
enactment;Other;14
Act;LegalReferences;36
ensure;RegulatoryOperators;9
including;LogicalConnectors;68
deadline;EconomicOperands;1
ongoing;EconomicOperands;4
petitions;EconomicOperands;1
(a)(1);LegalReferences;1
Publication;EconomicOperands;1
(1);LegalReferences;30
modifications;EconomicOperands;1
recorded;EconomicOperands;1
transmitted;EconomicOperands;1
Judiciary;EconomicOperands;6
Senate;EconomicOperands;14
Affairs;EconomicOperands;12
Representatives;EconomicOperands;15
Services;EconomicOperands;14
Provisions;EconomicOperands;5
companies;EconomicOperands;64
Except;LogicalConnectors;17
issued;EconomicOperands;13
thereunder;FunctionWords;2
applicable;FunctionWords;43
appointed;EconomicOperands;57
exclusively;FunctionWords;2
govern;EconomicOperands;2
matters;Other;1
cases;FunctionWords;3
expressly;Other;1
Time;EconomicOperands;3
limit;EconomicOperands;10
receivership;EconomicOperands;25
period;EconomicOperands;43
Any;FunctionWords;15
terminate;EconomicOperands;11
at;FunctionWords;41
end;Other;20
3-year;Attributes;2
beginning;EconomicOperands;12
Extension;EconomicOperands;2
time;EconomicOperands;42
extended;EconomicOperands;12
1;Attributes;21
additional;EconomicOperands;8
year;EconomicOperands;17
Chairperson;EconomicOperands;4
certifies;EconomicOperands;1
writing;EconomicOperands;5
maximize;EconomicOperands;6
net;EconomicOperands;6
value;EconomicOperands;29
return;EconomicOperands;7
sale;EconomicOperands;36
other;FunctionWords;140
disposition;EconomicOperands;12
assets;EconomicOperands;94
minimize;EconomicOperands;5
amount;EconomicOperands;47
loss;EconomicOperands;9
upon;FunctionWords;31
protect;EconomicOperands;2
stability;EconomicOperands;17
system;EconomicOperands;10
Second;LogicalConnectors;1
extension;EconomicOperands;15
concurrence;EconomicOperands;2
submits;EconomicOperands;2
certifications;EconomicOperands;1
Additional;EconomicOperands;6
report;EconomicOperands;32
required;RegulatoryOperators;39
commencement;EconomicOperands;3
submit;EconomicOperands;9
describing;EconomicOperands;6
need;EconomicOperands;4
specific;FunctionWords;4
plan;EconomicOperands;18
conclude;LogicalConnectors;2
before;LogicalConnectors;38
second;LogicalConnectors;1
Ongoing;EconomicOperands;1
litigation;EconomicOperands;6
(3);LegalReferences;10
solely;LogicalConnectors;8
completing;EconomicOperands;1
party;EconomicOperands;32
completion;EconomicOperands;2
Council;EconomicOperands;20
used;EconomicOperands;9
best;EconomicOperands;4
efforts;EconomicOperands;3
responsibilities;EconomicOperands;9
form;EconomicOperands;1
approved;EconomicOperands;4
determinations;Other;2
(B);LegalReferences;16
complete;EconomicOperands;2
Regulations;EconomicOperands;3
regulations;EconomicOperands;23
governing;EconomicOperands;4
termination;EconomicOperands;11
receiverships;EconomicOperands;3
No;FunctionWords;26
liability;EconomicOperands;21
Insurance;EconomicOperands;6
liable;EconomicOperands;8
claims;EconomicOperands;67
arising;EconomicOperands;12
Study;EconomicOperands;12
bankruptcy;EconomicOperands;12
process;EconomicOperands;14
Administrative;EconomicOperands;7
Office;EconomicOperands;9
Courts;EconomicOperands;6
monitor;EconomicOperands;1
conduct;EconomicOperands;19
separate;EconomicOperands;4
studies;EconomicOperands;2
regarding;LogicalConnectors;12
Issues;EconomicOperands;6
conducting;EconomicOperands;3
study;EconomicOperands;15
evaluate;RegulatoryOperators;4
effectiveness;EconomicOperands;6
7;LegalReferences;9
chapter;Other;5
reorganization;EconomicOperands;2
ways;EconomicOperands;5
efficiency;EconomicOperands;1
effective;RegulatoryOperators;11
Reports;EconomicOperands;6
until;FunctionWords;6
third;Attributes;4
every;FunctionWords;4
reports;EconomicOperands;6
results;EconomicOperands;6
conducted;EconomicOperands;8
international;EconomicOperands;13
coordination;EconomicOperands;11
extent;EconomicOperands;31
exists;EconomicOperands;3
current;FunctionWords;8
mechanisms;EconomicOperands;4
structures;EconomicOperands;3
cooperation;EconomicOperands;2
increase;EconomicOperands;4
Report;EconomicOperands;5
implementation;EconomicOperands;7
agencies;EconomicOperands;12
General;FunctionWords;24
resolution;EconomicOperands;21
institutions;EconomicOperands;6
tool;EconomicOperands;1
resolve;EconomicOperands;2
possible;Attributes;3
long-term;EconomicOperands;1
cost;EconomicOperands;6
council;EconomicOperands;1
response;EconomicOperands;2
recommendations;RegulatoryOperators;4
primary;EconomicOperands;6
regulatory;EconomicOperands;11
120;LegalReferences;1
risk;EconomicOperands;11
Vote;EconomicOperands;1
their;FunctionWords;12
own;FunctionWords;3
initiative;EconomicOperands;3
request;EconomicOperands;17
should;FunctionWords;5
Such;FunctionWords;1
vote;EconomicOperands;3
2/3;Attributes;5
members;EconomicOperands;10
then;LogicalConnectors;7
serving;EconomicOperands;5
Cases;FunctionWords;2
involving;EconomicOperands;5
largest;LogicalConnectors;2
(as;LogicalConnectors;9
total;Attributes;4
previous;FunctionWords;3
requirements;EconomicOperands;18
Director;EconomicOperands;2
approval;RegulatoryOperators;26
Recommendation;EconomicOperands;1
contain;EconomicOperands;3
evaluation;EconomicOperands;8
description;EconomicOperands;6
effect;EconomicOperands;15
would;FunctionWords;29
economic;EconomicOperands;10
conditions;EconomicOperands;18
income;EconomicOperands;5
minority;EconomicOperands;2
communities;EconomicOperands;2
private;EconomicOperands;7
sector;EconomicOperands;7
alternative;EconomicOperands;2
prevent;RegulatoryOperators;3
why;LogicalConnectors;2
effects;EconomicOperands;8
creditors;EconomicOperands;29
counterparties;EconomicOperands;6
shareholders;EconomicOperands;13
market;EconomicOperands;7
participants;EconomicOperands;2
201;LegalReferences;2
Notwithstanding;LogicalConnectors;24
202(a)(1)(A);LegalReferences;1
(a);LegalReferences;9
(in;FunctionWords;1
President);EconomicOperands;1
failure;EconomicOperands;8
serious;Attributes;5
available;EconomicOperands;22
interests;EconomicOperands;14
given;FunctionWords;1
impact;EconomicOperands;5
204;LegalReferences;1
avoid;EconomicOperands;14
mitigate;RegulatoryOperators;4
taking;EconomicOperands;11
into;FunctionWords;27
consideration;EconomicOperands;6
mitigating;EconomicOperands;1
potential;EconomicOperands;10
fund;EconomicOperands;3
Treasury;EconomicOperands;8
excessive;EconomicOperands;1
part;FunctionWords;12
agency;EconomicOperands;43
ordered;EconomicOperands;1
convert;EconomicOperands;1
convertible;EconomicOperands;1
debt;EconomicOperands;31
instruments;EconomicOperands;3
Documentation;EconomicOperands;1
document;EconomicOperands;2
(b);LegalReferences;8
retain;EconomicOperands;2
documentation;EconomicOperands;3
congress;EconomicOperands;1
Majority;EconomicOperands;1
Minority;EconomicOperands;2
summary;EconomicOperands;3
size;EconomicOperands;2
condition;EconomicOperands;10
sources;EconomicOperands;3
capital;EconomicOperands;19
credit;EconomicOperands;45
support;EconomicOperands;3
were;LogicalConnectors;15
operations;EconomicOperands;7
could;FunctionWords;4
had;FunctionWords;13
significant;Attributes;2
markets;EconomicOperands;5
identification;EconomicOperands;1
banks;EconomicOperands;4
services;EconomicOperands;16
offered;EconomicOperands;2
estimate;EconomicOperands;1
consumers;EconomicOperands;2
cause;EconomicOperands;8
experience;EconomicOperands;1
liquidity;EconomicOperands;3
distress;EconomicOperands;2
Congress;EconomicOperands;11
public;EconomicOperands;8
file;EconomicOperands;9
setting;EconomicOperands;3
forth;RegulatoryOperators;10
information;EconomicOperands;6
liabilities;EconomicOperands;37
down;FunctionWords;1
waived;EconomicOperands;1
12;LegalReferences;1
successor;EconomicOperands;1
thereto);FunctionWords;1
interest;EconomicOperands;47
was;LogicalConnectors;54
retained;EconomicOperands;3
funding;EconomicOperands;8
expected;EconomicOperands;3
identity;EconomicOperands;1
treated;RegulatoryOperators;13
manner;Other;18
different;FunctionWords;6
similarly;LogicalConnectors;7
(b)(4);LegalReferences;3
(d)(4);LegalReferences;1
publish;EconomicOperands;2
online;EconomicOperands;1
website;EconomicOperands;1
maintained;EconomicOperands;2
confidentiality;EconomicOperands;2
Amendments;Other;2
timely;Attributes;3
quarterly;Attributes;1
revise;EconomicOperands;1
prepared;EconomicOperands;2
paragraph;LegalReferences;41
Congressional;EconomicOperands;1
testimony;EconomicOperands;4
appear;EconomicOperands;4
requested;RegulatoryOperators;5
first;LogicalConnectors;3
files;EconomicOperands;2
Default;EconomicOperands;1
considered;EconomicOperands;11
likely;Attributes;10
will;FunctionWords;13
promptly;Attributes;9
losses;EconomicOperands;11
substantially;FunctionWords;9
there;FunctionWords;5
reasonable;Attributes;9
others;FunctionWords;1
unable;EconomicOperands;4
pay;EconomicOperands;19
those;FunctionWords;7
fide;EconomicOperands;2
dispute);EconomicOperands;1
course;EconomicOperands;7
business;EconomicOperands;16
GAO;EconomicOperands;1
incentives;EconomicOperands;2
disruptive;EconomicOperands;1
account;EconomicOperands;12
rights;EconomicOperands;57
parties;EconomicOperands;14
disrupted;EconomicOperands;1
policies;EconomicOperands;6
practicable;Attributes;5
acceptable;Attributes;4
use;EconomicOperands;8
funds;EconomicOperands;17
out;FunctionWords;17
204(d);LegalReferences;3
Treatment;EconomicOperands;7
subsidiaries;EconomicOperands;9
affiliate;EconomicOperands;13
excepted;RegulatoryOperators;1
Exception;RegulatoryOperators;3
affiliates;EconomicOperands;6
requirement;EconomicOperands;4
itself;FunctionWords;3
Backup;EconomicOperands;1
60-day;Attributes;3
202(a);LegalReferences;1
judicial;EconomicOperands;7
place;EconomicOperands;4
Purpose;EconomicOperands;2
It;FunctionWords;1
liquidate;EconomicOperands;4
failing;FunctionWords;3
pose;EconomicOperands;1
mitigates;RegulatoryOperators;2
minimizes;EconomicOperands;4
hazard;EconomicOperands;4
fulfills;EconomicOperands;1
bear;EconomicOperands;5
management;EconomicOperands;11
steps;EconomicOperands;5
having;FunctionWords;8
responsibility;EconomicOperands;4
consistent;Attributes;8
damages;EconomicOperands;28
restitution;EconomicOperands;2
compensation;EconomicOperands;6
gains;EconomicOperands;1
202;LegalReferences;3
act;LegalReferences;5
Consultation;EconomicOperands;2
consult;EconomicOperands;6
ensuring;RegulatoryOperators;1
210;LegalReferences;9
acquire;EconomicOperands;9
outside;FunctionWords;3
experts;EconomicOperands;1
inform;EconomicOperands;1
aid;EconomicOperands;1
coordinate;EconomicOperands;5
regulators;EconomicOperands;2
treatment;EconomicOperands;7
solvent;EconomicOperands;1
insolvent;EconomicOperands;10
transfer;EconomicOperands;58
accounts;EconomicOperands;7
Funding;EconomicOperands;3
thereafter;FunctionWords;6
discretion;EconomicOperands;17
206;LegalReferences;1
210(n)(9);LegalReferences;1
All;FunctionWords;6
210(b)(1);LegalReferences;1
making;FunctionWords;8
loans;EconomicOperands;9
purchasing;EconomicOperands;2
obligation;EconomicOperands;45
guaranteeing;EconomicOperands;2
against;FunctionWords;42
directly;Attributes;4
assuming;EconomicOperands;1
secure;EconomicOperands;2
transactions;EconomicOperands;14
selling;EconomicOperands;1
transferring;EconomicOperands;2
acquired;EconomicOperands;5
payments;EconomicOperands;18
subsections;LegalReferences;2
Appointment;EconomicOperands;2
trustee;EconomicOperands;17
seq);LegalReferences;19
Actions;EconomicOperands;3
Filing;Other;1
specified;RegulatoryOperators;9
21;LegalReferences;2
1934;LegalReferences;3
(15;Attributes;5
application;EconomicOperands;2
accept;EconomicOperands;3
approve;RegulatoryOperators;4
filing;Other;13
normal;EconomicOperands;2
Administration;EconomicOperands;1
Following;FunctionWords;5
entry;EconomicOperands;2
transferred;EconomicOperands;16
administered;EconomicOperands;1
Definition;EconomicOperands;4
proceeding;EconomicOperands;17
As;LogicalConnectors;5
satisfy;EconomicOperands;5
Powers;EconomicOperands;3
duties;EconomicOperands;10
powers;EconomicOperands;32
limitation;EconomicOperands;4
Limitation;EconomicOperands;9
exercise;EconomicOperands;27
functions;EconomicOperands;2
impair;EconomicOperands;4
operate;EconomicOperands;6
enforce;RegulatoryOperators;5
contracts;EconomicOperands;40
(e);LegalReferences;2
jointly;FunctionWords;6
contrary;Other;2
(including;LogicalConnectors;18
contract;EconomicOperands;103
210(c)(8));LegalReferences;1
limitations;RegulatoryOperators;14
restrictions;RegulatoryOperators;4
contained;EconomicOperands;4
210(c)(10)(B);LegalReferences;1
affect;EconomicOperands;11
money;EconomicOperands;7
corporation;EconomicOperands;15
diminish;EconomicOperands;3
customers;EconomicOperands;6
Net;EconomicOperands;1
proceeds;EconomicOperands;10
benefit;EconomicOperands;11
Claims;EconomicOperands;4
210(a)(2);LegalReferences;1
reviewed;EconomicOperands;1
territorial;EconomicOperands;3
210(a)(5);LegalReferences;1
Satisfaction;EconomicOperands;2
Obligations;EconomicOperands;1
delivery;EconomicOperands;4
least;LogicalConnectors;1
beneficial;EconomicOperands;1
distributed;EconomicOperands;1
occurred;EconomicOperands;2
received;EconomicOperands;14
cash;EconomicOperands;2
allocation;EconomicOperands;1
Priorities;EconomicOperands;1
allocate;EconomicOperands;1
deliver;EconomicOperands;2
8(c);LegalReferences;1
1970;LegalReferences;1
Other;FunctionWords;3
allowed;RegulatoryOperators;8
property);EconomicOperands;1
paid;EconomicOperands;14
priorities;EconomicOperands;3
210(b);LegalReferences;1
Rulemaking;Other;6
implement;EconomicOperands;4
Mandatory;EconomicOperands;2
preserving;EconomicOperands;1
do;FunctionWords;3
receive;EconomicOperands;12
fully;EconomicOperands;3
removed;EconomicOperands;4
(if;LogicalConnectors;1
already;Attributes;2
receiver);EconomicOperands;6
become;EconomicOperands;3
shareholder;EconomicOperands;3
Directors;EconomicOperands;1
faith;EconomicOperands;4
exclusion;EconomicOperands;1
Effective;RegulatoryOperators;4
205;LegalReferences;4
Code);EconomicOperands;1
dealer);EconomicOperands;1
while;LogicalConnectors;4
they;FunctionWords;1
vested;EconomicOperands;1
entered;EconomicOperands;8
relief;EconomicOperands;6
continue;EconomicOperands;13
prescribe;RegulatoryOperators;13
considers;EconomicOperands;1
security;EconomicOperands;36
holders;EconomicOperands;2
persons;EconomicOperands;6
held;EconomicOperands;10
address;EconomicOperands;6
between;FunctionWords;12
among;FunctionWords;3
individual;EconomicOperands;4
seek;EconomicOperands;2
promulgated;RegulatoryOperators;1
authorities;EconomicOperands;14
Successor;EconomicOperands;1
titles;Other;5
privileges;EconomicOperands;15
officer;EconomicOperands;15
director;EconomicOperands;20
books;EconomicOperands;6
records;EconomicOperands;13
custodian;EconomicOperands;5
Operation;EconomicOperands;2
during;FunctionWords;10
over;FunctionWords;6
officers;EconomicOperands;5
collect;EconomicOperands;1
owed;EconomicOperands;9
perform;EconomicOperands;3
name;EconomicOperands;3
manage;EconomicOperands;2
assistance;EconomicOperands;7
fulfilling;EconomicOperands;1
function;EconomicOperands;3
activity;EconomicOperands;2
duty;EconomicOperands;4
legally;EconomicOperands;7
enforceable;Attributes;15
entitlements;EconomicOperands;3
respect;Other;11
deems;RegulatoryOperators;3
(h);LegalReferences;3
case;LogicalConnectors;3
it;FunctionWords;4
Organization;EconomicOperands;3
bridge;EconomicOperands;9
Merger;EconomicOperands;2
merge;EconomicOperands;1
another;FunctionWords;5
asset;EconomicOperands;12
trust;EconomicOperands;8
custody;EconomicOperands;8
business);EconomicOperands;4
assignment;EconomicOperands;5
antitrust;EconomicOperands;2
transaction;EconomicOperands;68
clause;LegalReferences;34
day;EconomicOperands;14
competitive;EconomicOperands;2
factors;EconomicOperands;4
proposed;EconomicOperands;3
notification;EconomicOperands;4
Trade;EconomicOperands;2
earlier;Attributes;3
(b)(2);LegalReferences;1
(e)(2);LegalReferences;1
Payment;EconomicOperands;3
valid;EconomicOperands;7
due;Attributes;9
Applicable;FunctionWords;1
entities;EconomicOperands;1
Subpoena;EconomicOperands;1
carrying;EconomicOperands;9
power;EconomicOperands;9
collecting;EconomicOperands;3
8(n);LegalReferences;1
construction;Other;4
This;FunctionWords;1
construed;Other;9
limiting;RegulatoryOperators;3
capacity;EconomicOperands;7
might;FunctionWords;1
Incidental;EconomicOperands;1
receivers;EconomicOperands;1
loan;EconomicOperands;15
portfolio;EconomicOperands;1
marketing;EconomicOperands;1
brokerage;EconomicOperands;1
efficient;EconomicOperands;1
Shareholders;EconomicOperands;1
status;EconomicOperands;17
satisfaction;EconomicOperands;8
permitted;RegulatoryOperators;7
Coordination;EconomicOperands;1
foreign;EconomicOperands;13
country;EconomicOperands;2
Restriction;RegulatoryOperators;1
transfers;EconomicOperands;13
Selection;EconomicOperands;1
establishes;RegulatoryOperators;1
one;FunctionWords;16
associated;EconomicOperands;3
consulting;EconomicOperands;1
73o(b));LegalReferences;1
materially;EconomicOperands;1
interfere;EconomicOperands;1
ability;EconomicOperands;5
Transfer;EconomicOperands;6
Customer;EconomicOperands;1
Neither;FunctionWords;1
nor;LogicalConnectors;2
Notification;EconomicOperands;3
sipc;EconomicOperands;3
sharing;EconomicOperands;2
identify;EconomicOperands;3
discharge;EconomicOperands;1
providing;EconomicOperands;6
access;EconomicOperands;2
203(c)(3);LegalReferences;2
(4);LegalReferences;5
prescribed;RegulatoryOperators;5
209;LegalReferences;1
Notice;EconomicOperands;3
up;FunctionWords;2
publication;EconomicOperands;3
month;EconomicOperands;1
respectively;FunctionWords;2
mail;EconomicOperands;1
published;EconomicOperands;3
creditor;EconomicOperands;21
last;Attributes;2
discovery;EconomicOperands;2
Procedures;EconomicOperands;3
Decision;EconomicOperands;1
Prior;EconomicOperands;3
later;FunctionWords;4
agreed;EconomicOperands;2
allows;RegulatoryOperators;1
(D);LegalReferences;3
By;FunctionWords;1
agreement;EconomicOperands;132
executed;EconomicOperands;6
Failure;EconomicOperands;1
sufficient;Attributes;2
satisfied;RegulatoryOperators;2
appears;Other;1
documents;EconomicOperands;4
submitted;EconomicOperands;1
Contents;Other;1
allow;RegulatoryOperators;3
Certain;FunctionWords;9
exceptions;RegulatoryOperators;1
permit;RegulatoryOperators;1
Authority;EconomicOperands;8
portion;EconomicOperands;8
Payments;EconomicOperands;3
treat;EconomicOperands;4
exceeds;LogicalConnectors;3
fair;EconomicOperands;3
Exceptions;RegulatoryOperators;2
reserve;EconomicOperands;2
bank;EconomicOperands;6
securing;EconomicOperands;5
Legal;EconomicOperands;2
Statute;Other;5
statute;Other;7
(8);LegalReferences;5
Judicial;EconomicOperands;2
suit;EconomicOperands;8
principal;EconomicOperands;4
located;EconomicOperands;1
(and;LogicalConnectors;2
claim);EconomicOperands;1
Timing;EconomicOperands;3
fails;EconomicOperands;3
remedies;EconomicOperands;6
Expedited;EconomicOperands;2
Procedure;EconomicOperands;3
procedure;EconomicOperands;4
90-day;Attributes;8
Period;EconomicOperands;1
seeking;EconomicOperands;3
denies;EconomicOperands;1
(C);LegalReferences;3
motion;EconomicOperands;2
previously;LogicalConnectors;3
30-day;Attributes;3
Agreements;EconomicOperands;2
tends;EconomicOperands;2
representative;EconomicOperands;3
confirmed;EconomicOperands;2
since;LogicalConnectors;2
execution;EconomicOperands;6
official;EconomicOperands;3
claiming;EconomicOperands;2
provides;EconomicOperands;14
confirmation;EconomicOperands;2
amounts;EconomicOperands;16
(5);LegalReferences;6
entitled;EconomicOperands;8
(d);LegalReferences;5
dividends;EconomicOperands;4
sole;LogicalConnectors;2
whose;FunctionWords;3
rate;EconomicOperands;13
holding;EconomicOperands;1
Suspension;EconomicOperands;1
After;LogicalConnectors;1
becomes;EconomicOperands;5
exceed;LogicalConnectors;3
Grant;EconomicOperands;1
courts;EconomicOperands;2
grant;EconomicOperands;3
abide;EconomicOperands;1
Rights;EconomicOperands;4
(before;LogicalConnectors;1
202);LegalReferences;1
post;EconomicOperands;1
bond;EconomicOperands;4
possession;EconomicOperands;10
Disposition;EconomicOperands;1
exercising;EconomicOperands;6
privilege;EconomicOperands;1
acting;EconomicOperands;10
greatest;LogicalConnectors;1
maximizes;EconomicOperands;1
ensures;RegulatoryOperators;1
adequate;Attributes;4
competition;EconomicOperands;1
offerors;EconomicOperands;1
prohibits;RegulatoryOperators;4
discrimination;EconomicOperands;1
group;EconomicOperands;6
solicitation;EconomicOperands;1
offers;EconomicOperands;1
brought;EconomicOperands;6
longer;LogicalConnectors;3
Date;EconomicOperands;1
begins;EconomicOperands;1
expired;EconomicOperands;2
bring;EconomicOperands;1
regard;EconomicOperands;8
expiration;EconomicOperands;3
fraud;EconomicOperands;2
misconduct;EconomicOperands;2
resulting;EconomicOperands;3
substantial;Attributes;3
Fraudulent;EconomicOperands;1
voluntarily;EconomicOperands;2
intent;EconomicOperands;2
delay;EconomicOperands;3
defraud;EconomicOperands;2
became;EconomicOperands;2
reasonably;Attributes;2
equivalent;Attributes;1
exchange;EconomicOperands;3
about;FunctionWords;1
engage;EconomicOperands;1
small;EconomicOperands;2
intended;EconomicOperands;1
believed;EconomicOperands;1
debts;EconomicOperands;3
beyond;FunctionWords;1
insider;EconomicOperands;4
employment;EconomicOperands;2
less;FunctionWords;3
but;LogicalConnectors;8
enables;EconomicOperands;1
Right;EconomicOperands;1
recovery;EconomicOperands;3
recover;EconomicOperands;13
so;LogicalConnectors;6
orders;EconomicOperands;2
(at;FunctionWords;1
transfer);EconomicOperands;1
initial;EconomicOperands;2
takes;FunctionWords;1
knowledge;EconomicOperands;1
seeks;EconomicOperands;2
547;LegalReferences;1
(c);LegalReferences;2
546;LegalReferences;1
547(c);LegalReferences;1
548(c);LegalReferences;1
agency);EconomicOperands;1
when;FunctionWords;4
purchaser;EconomicOperands;8
whom;FunctionWords;1
permits;RegulatoryOperators;1
cannot;RegulatoryOperators;1
furnish;EconomicOperands;1
presumed;RegulatoryOperators;2
preceding;FunctionWords;7
Generally;FunctionWords;1
offset;EconomicOperands;8
mutual;EconomicOperands;3
contract);EconomicOperands;3
Insufficiency;EconomicOperands;1
offsets;EconomicOperands;2
insufficiency;EconomicOperands;5
holder;EconomicOperands;3
Insolvency;EconomicOperands;1
Presumption;EconomicOperands;1
Nothing;FunctionWords;4
(12);LegalReferences;4
where;FunctionWords;2
sell;EconomicOperands;6
free;EconomicOperands;1
clear;EconomicOperands;1
(b)(1);LegalReferences;3
senior;EconomicOperands;18
(14);LegalReferences;3
Rule;EconomicOperands;3
Civil;EconomicOperands;2
placing;EconomicOperands;1
designated;RegulatoryOperators;1
hold;EconomicOperands;1
Standards;EconomicOperands;1
Showing;EconomicOperands;1
(13);LegalReferences;4
applicant;EconomicOperands;1
show;EconomicOperands;1
civil;EconomicOperands;2
protections;EconomicOperands;3
modified;FunctionWords;1
(A));LegalReferences;1
sought;Other;1
monetary;EconomicOperands;2
administrative;EconomicOperands;9
expense;EconomicOperands;3
cancel;EconomicOperands;1
Accounting;EconomicOperands;1
recordkeeping;EconomicOperands;1
accounting;EconomicOperands;4
reporting;EconomicOperands;1
practices;EconomicOperands;4
maintain;EconomicOperands;4
full;EconomicOperands;2
Annual;EconomicOperands;1
annual;EconomicOperands;1
Availability;EconomicOperands;1
Recordkeeping;EconomicOperands;2
retention;EconomicOperands;3
schedules;EconomicOperands;1
generated;EconomicOperands;2
avoidance;EconomicOperands;3
duplicative;EconomicOperands;1
needs;EconomicOperands;2
Retention;EconomicOperands;1
Unless;LogicalConnectors;1
Records;EconomicOperands;1
mean;Other;2
book;EconomicOperands;1
computer;EconomicOperands;1
Unsecured;EconomicOperands;2
agrees;EconomicOperands;1
commissions;EconomicOperands;2
leave;EconomicOperands;2
(G));LegalReferences;1
inflation;EconomicOperands;3
Corporation);EconomicOperands;2
employee;EconomicOperands;8
plans;EconomicOperands;2
employees;EconomicOperands;5
aggregate;EconomicOperands;7
plus;FunctionWords;4
(which;FunctionWords;4
(F);LegalReferences;1
(G);EconomicOperands;1
(H));LegalReferences;1
executives;EconomicOperands;3
partners;EconomicOperands;4
limited;EconomicOperands;3
financing;EconomicOperands;3
obtain;EconomicOperands;10
commercial;EconomicOperands;4
minimum;Attributes;2
higher;LogicalConnectors;2
Creditors;EconomicOperands;1
comply;RegulatoryOperators;4
initiate;EconomicOperands;3
Secured;EconomicOperands;1
insufficient;Attributes;3
Where;FunctionWords;1
205(e);LegalReferences;1
205(f);LegalReferences;2
(1)(B);LegalReferences;4
meet;EconomicOperands;5
above;FunctionWords;2
lease;EconomicOperands;17
performance;EconomicOperands;6
promote;EconomicOperands;1
administration;EconomicOperands;1
paragraphs;Other;1
(E);LegalReferences;1
profits;EconomicOperands;2
Measure;EconomicOperands;3
applies;FunctionWords;2
cover;EconomicOperands;2
measures;EconomicOperands;3
original;EconomicOperands;1
discount;EconomicOperands;1
guarantee;EconomicOperands;7
commitment;EconomicOperands;1
rule;EconomicOperands;3
Leases;EconomicOperands;2
(B));LegalReferences;2
contractual;EconomicOperands;5
accruing;EconomicOperands;2
penalty;EconomicOperands;1
either;LogicalConnectors;6
remain;EconomicOperands;3
balance;EconomicOperands;3
defaults;EconomicOperands;1
remains;EconomicOperands;2
Contracts;EconomicOperands;2
meets;EconomicOperands;1
(a)(6));LegalReferences;1
(after;LogicalConnectors;2
date);EconomicOperands;1
(II);LegalReferences;4
Assignment;EconomicOperands;1
subject;EconomicOperands;8
service;EconomicOperands;5
performed;EconomicOperands;4
accepts;EconomicOperands;1
Acceptance;EconomicOperands;1
bar;FunctionWords;1
subsequent;FunctionWords;1
acceptance;EconomicOperands;2
(a)(8);LegalReferences;2
(10);LegalReferences;3
stayed;EconomicOperands;4
prohibited;EconomicOperands;2
arises;EconomicOperands;2
arrangement;EconomicOperands;7
related;FunctionWords;15
agreements;EconomicOperands;12
Applicability;FunctionWords;1
5242;LegalReferences;1
fraudulent;EconomicOperands;2
certain;FunctionWords;9
purchase;EconomicOperands;15
certificate;EconomicOperands;5
deposit;EconomicOperands;11
mortgage;EconomicOperands;15
index;EconomicOperands;9
certificates;EconomicOperands;6
therein;Other;6
thereof);FunctionWords;2
option;EconomicOperands;26
foregoing;EconomicOperands;2
(whether;LogicalConnectors;3
(v));LegalReferences;2
participation;EconomicOperands;4
national;EconomicOperands;1
currencies;EconomicOperands;2
clearing;EconomicOperands;1
settlement;EconomicOperands;8
(XII);LegalReferences;1
(II)));LegalReferences;1
margin;EconomicOperands;4
clearance;EconomicOperands;1
collar;EconomicOperands;2
forward;EconomicOperands;12
swap;EconomicOperands;15
combination;EconomicOperands;5
enter;EconomicOperands;6
(X);LegalReferences;2
supplements;EconomicOperands;6
reimbursement;EconomicOperands;8
merchant;EconomicOperands;3
commodity;EconomicOperands;9
future;EconomicOperands;16
trade;EconomicOperands;4
leverage;EconomicOperands;3
organization;EconomicOperands;16
cleared;EconomicOperands;4
traded;EconomicOperands;1
options;EconomicOperands;1
(VIII);LegalReferences;2
presently;Attributes;2
dealing;EconomicOperands;1
product;EconomicOperands;1
2;Attributes;1
hedge;EconomicOperands;1
allocated;EconomicOperands;1
(III);LegalReferences;1
(I);LegalReferences;12
subclause;LegalReferences;3
also;LogicalConnectors;1
agreement);EconomicOperands;2
3;FunctionWords;2
1934);LegalReferences;2
eligible;EconomicOperands;5
acceptances;EconomicOperands;3
qualified;EconomicOperands;2
government;EconomicOperands;2
direct;EconomicOperands;3
guaranteed;EconomicOperands;4
Economic;EconomicOperands;1
Cooperation;EconomicOperands;1
Development;EconomicOperands;1
adopted;Other;2
Governors);EconomicOperands;1
simultaneous;EconomicOperands;1
demand;EconomicOperands;1
(IV);LegalReferences;1
reference;EconomicOperands;2
floor;EconomicOperands;1
cap;EconomicOperands;1
cross-currency;EconomicOperands;1
spot;EconomicOperands;2
metals;EconomicOperands;1
currency;EconomicOperands;1
spread;EconomicOperands;1
weather;EconomicOperands;1
emissions;EconomicOperands;1
type;EconomicOperands;1
dealings;EconomicOperands;1
rates;EconomicOperands;1
commodities;EconomicOperands;1
quantitative;EconomicOperands;1
occurrence;EconomicOperands;3
contingency;EconomicOperands;1
consequence;EconomicOperands;1
indices;EconomicOperands;1
contains;EconomicOperands;2
(V);LegalReferences;1
When;FunctionWords;2
opinion;EconomicOperands;2
(vi);LegalReferences;1
agreements);EconomicOperands;1
single;EconomicOperands;2
themselves;FunctionWords;2
indirect;EconomicOperands;1
voluntary;EconomicOperands;1
foreclosure;EconomicOperands;2
redemption;EconomicOperands;2
Person;EconomicOperands;1
Clarification;EconomicOperands;2
clauses;EconomicOperands;2
403;LegalReferences;1
1991;LegalReferences;4
Limited;EconomicOperands;1
suspension;EconomicOperands;1
suspended;EconomicOperands;1
receives;EconomicOperands;1
(10)(A);LegalReferences;1
time);EconomicOperands;3
suspends;EconomicOperands;1
whole;LogicalConnectors;3
create;EconomicOperands;1
exist;EconomicOperands;2
nondefaulting;EconomicOperands;1
organizations;EconomicOperands;2
collateral;EconomicOperands;6
arise;EconomicOperands;2
(10)(B));LegalReferences;1
positions;EconomicOperands;1
companys;EconomicOperands;7
suspend;EconomicOperands;1
cease;EconomicOperands;1
Joint;EconomicOperands;1
rulemaking;Other;2
requiring;RegulatoryOperators;1
valuations);EconomicOperands;1
assist;EconomicOperands;4
being;FunctionWords;7
fulfill;EconomicOperands;1
joint;EconomicOperands;3
interim;EconomicOperands;2
Back-Up;EconomicOperands;1
differentiate;EconomicOperands;1
complexity;EconomicOperands;1
frequency;EconomicOperands;1
dollar;EconomicOperands;1
interconnectedness;EconomicOperands;1
none;FunctionWords;2
person);EconomicOperands;2
branch;EconomicOperands;3
netting;EconomicOperands;3
arrangements;EconomicOperands;1
enhancements;EconomicOperands;1
402;LegalReferences;1
Receivership;EconomicOperands;1
(8)(A);LegalReferences;1
(9)(A);LegalReferences;1
notified;EconomicOperands;1
calculated;EconomicOperands;2
(9);LegalReferences;1
New;EconomicOperands;2
Stock;EconomicOperands;1
Exchange;EconomicOperands;1
Reserve;EconomicOperands;1
Bank;EconomicOperands;1
permitting;RegulatoryOperators;2
202(a)(1);LegalReferences;1
issuance;EconomicOperands;6
events;EconomicOperands;2
occurring;EconomicOperands;1
therewith;LogicalConnectors;3
result;EconomicOperands;3
affected;EconomicOperands;2
affecting;EconomicOperands;3
Consent;EconomicOperands;1
enforceable);Attributes;1
IV;LegalReferences;1
extend;EconomicOperands;4
enforces;RegulatoryOperators;1
repay;EconomicOperands;1
Savings;FunctionWords;2
applied;EconomicOperands;1
challenge;EconomicOperands;2
Certainty;EconomicOperands;1
2000;LegalReferences;1
3(a)(47);LegalReferences;1
Enforcement;EconomicOperands;1
institution);EconomicOperands;1
supported;EconomicOperands;1
linked;EconomicOperands;1
based;Other;1
guaranty;EconomicOperands;1
proceeding);EconomicOperands;1
protection;EconomicOperands;4
Valuation;EconomicOperands;2
method;EconomicOperands;1
Maximum;Attributes;2
maximum;Attributes;4
Special;EconomicOperands;1
corporate;EconomicOperands;4
initiated;EconomicOperands;1
category;EconomicOperands;4
credits;EconomicOperands;1
Limitations;RegulatoryOperators;2
Prohibition;RegulatoryOperators;5
receiving;EconomicOperands;1
credited;EconomicOperands;2
Manner;Other;1
induce;EconomicOperands;1
remedy;EconomicOperands;1
Liability;EconomicOperands;1
personally;EconomicOperands;1
direction;EconomicOperands;2
wholly;EconomicOperands;1
purchased;EconomicOperands;4
demonstrates;EconomicOperands;3
greater;LogicalConnectors;2
disregard;EconomicOperands;2
care;EconomicOperands;1
(than;FunctionWords;1
Damages;EconomicOperands;1
agent;EconomicOperands;5
accountant;EconomicOperands;3
employed;EconomicOperands;3
investment;EconomicOperands;1
Bridge;EconomicOperands;2
Authorities;EconomicOperands;1
creation;EconomicOperands;1
assume;EconomicOperands;5
excluding;FunctionWords;1
capital);EconomicOperands;1
temporary;EconomicOperands;1
establishment;RegulatoryOperators;5
(H);LegalReferences;1
association;EconomicOperands;6
Management;EconomicOperands;2
representatives;EconomicOperands;1
designate;EconomicOperands;1
Terms;Other;1
directors);EconomicOperands;1
succession;EconomicOperands;1
assumption;EconomicOperands;5
governance;EconomicOperands;2
election;EconomicOperands;5
designation;EconomicOperands;1
elect;EconomicOperands;1
follow;EconomicOperands;1
Capital;EconomicOperands;2
surplus;EconomicOperands;3
stock;EconomicOperands;7
advisable;Attributes;2
Operating;EconomicOperands;1
(n)(9);LegalReferences;2
registrations;EconomicOperands;1
memberships;EconomicOperands;1
exempted;RegulatoryOperators;1
investors;EconomicOperands;1
created;EconomicOperands;1
Interests;EconomicOperands;1
partner;EconomicOperands;2
times;EconomicOperands;1
At;FunctionWords;2
fiduciary;EconomicOperands;2
appointments;EconomicOperands;1
Equitable;Attributes;2
Stay;EconomicOperands;1
acquisition;EconomicOperands;4
parties);EconomicOperands;1
Agency;EconomicOperands;1
instrumentality;EconomicOperands;3
Employee;EconomicOperands;1
agents;EconomicOperands;1
serves;EconomicOperands;1
existing;EconomicOperands;3
5;LegalReferences;1
benefits;EconomicOperands;7
obtained;EconomicOperands;2
Exempt;RegulatoryOperators;1
tax;EconomicOperands;5
exempt;RegulatoryOperators;3
taxation;EconomicOperands;3
imposed;EconomicOperands;7
territory;EconomicOperands;1
county;EconomicOperands;5
municipality;EconomicOperands;3
local;EconomicOperands;6
merger;EconomicOperands;4
Duration;EconomicOperands;1
2-year;Attributes;3
1-year;Attributes;2
periods;EconomicOperands;1
Termination;EconomicOperands;3
consolidation;EconomicOperands;4
(15);LegalReferences;1
(13)(A);LegalReferences;1
effecting;EconomicOperands;1
(unless;LogicalConnectors;1
conversion;EconomicOperands;1
(13)(B);LegalReferences;1
reflect;EconomicOperands;3
State-chartered;EconomicOperands;4
merged;EconomicOperands;2
Sale;EconomicOperands;1
Assumption;EconomicOperands;1
consummation;EconomicOperands;1
commence;EconomicOperands;1
supervision;EconomicOperands;2
authorize;RegulatoryOperators;3
junior;EconomicOperands;1
Hearing;EconomicOperands;1
Burden;EconomicOperands;1
burden;EconomicOperands;1
counterparty;EconomicOperands;2
counterpartys;EconomicOperands;1
rights);EconomicOperands;1
modification;EconomicOperands;2
authorization;RegulatoryOperators;2
knew;EconomicOperands;1
granting;RegulatoryOperators;1
Sharing;EconomicOperands;1
expedite;EconomicOperands;1
give;FunctionWords;1
modify;EconomicOperands;1
schedule;EconomicOperands;5
particular;FunctionWords;2
finding;EconomicOperands;1
ends;Other;1
served;EconomicOperands;1
resolved;EconomicOperands;1
Foreign;EconomicOperands;1
investigations;EconomicOperands;5
8(v);LegalReferences;1
banking;EconomicOperands;1
office;EconomicOperands;2
entering;EconomicOperands;1
disclosing;EconomicOperands;1
stockbroker;EconomicOperands;2
III;LegalReferences;1
distribution;EconomicOperands;2
subchapter;Other;4
741;LegalReferences;1
101;LegalReferences;1
There;FunctionWords;1
known;Other;1
Proceeds;EconomicOperands;1
Amounts;EconomicOperands;2
assessments;EconomicOperands;19
(o);LegalReferences;2
earnings;EconomicOperands;1
investments;EconomicOperands;1
deposited;EconomicOperands;2
203(d);LegalReferences;2
Investments;EconomicOperands;1
invest;EconomicOperands;1
maturities;EconomicOperands;1
require;RegulatoryOperators;1
agree;EconomicOperands;1
31;LegalReferences;2
purchases;EconomicOperands;3
Each;FunctionWords;1
yield;EconomicOperands;2
outstanding;EconomicOperands;5
comparable;EconomicOperands;3
Public;EconomicOperands;1
sales;EconomicOperands;3
receipts;EconomicOperands;1
issuing;EconomicOperands;1
most;FunctionWords;1
recent;EconomicOperands;1
shorter;Attributes;1
calculation;EconomicOperands;1
14;LegalReferences;1
15(c)(5);LegalReferences;1
developed;EconomicOperands;1
(6)(B);LegalReferences;1
achieve;EconomicOperands;1
borrowing;EconomicOperands;1
copy;EconomicOperands;1
Committees;EconomicOperands;5
Reasonable;Attributes;1
Requests;EconomicOperands;1
periodically;Attributes;1
prompt;Attributes;1
relate;EconomicOperands;1
development;EconomicOperands;2
planning;EconomicOperands;1
Assessments;EconomicOperands;2
Risk-based;EconomicOperands;2
Eligible;EconomicOperands;1
$50000000000;Attributes;2
charge;EconomicOperands;1
risk-based;EconomicOperands;2
Extensions;EconomicOperands;1
Application;EconomicOperands;1
To;FunctionWords;2
impose;RegulatoryOperators;6
considerations;EconomicOperands;3
Provision;EconomicOperands;1
assessment;EconomicOperands;7
(6);LegalReferences;1
imposing;EconomicOperands;2
establishing;EconomicOperands;1
generally;FunctionWords;1
favorable;EconomicOperands;2
4;LegalReferences;1
78ddd);LegalReferences;1
union;EconomicOperands;1
cover);EconomicOperands;1
risks;EconomicOperands;3
presented;EconomicOperands;2
categories;EconomicOperands;2
concentrations;EconomicOperands;2
sheet;EconomicOperands;2
share;EconomicOperands;1
leveraged;EconomicOperands;1
exposure;EconomicOperands;1
calls;EconomicOperands;1
volatility;EconomicOperands;2
relationship;EconomicOperands;1
degree;EconomicOperands;1
reliance;EconomicOperands;1
short-term;EconomicOperands;1
systems;EconomicOperands;1
measuring;EconomicOperands;1
importance;EconomicOperands;2
source;EconomicOperands;2
households;EconomicOperands;1
businesses;EconomicOperands;2
governments;EconomicOperands;1
managed;EconomicOperands;1
insured;EconomicOperands;1
Collection;EconomicOperands;1
collection;EconomicOperands;1
differences;EconomicOperands;4
posed;EconomicOperands;1
enforcement;EconomicOperands;1
policy;EconomicOperands;1
Prohibited;EconomicOperands;1
indirectly;Attributes;2
affects;EconomicOperands;1
restricts;RegulatoryOperators;1
limits;EconomicOperands;1
offer;EconomicOperands;2
offering;EconomicOperands;1
acquiring;EconomicOperands;1
using;EconomicOperands;1
disclosed;EconomicOperands;1
exercises;EconomicOperands;1
exemptions;RegulatoryOperators;1
municipal;EconomicOperands;2
thereon;FunctionWords;1
fines;EconomicOperands;1
personal;EconomicOperands;2
recording;EconomicOperands;2
fees;EconomicOperands;1
prosecution;EconomicOperands;1
criminal;EconomicOperands;1
offense;EconomicOperands;3
committed;EconomicOperands;2
arising);EconomicOperands;1
1986;EconomicOperands;1
Persons;EconomicOperands;1
caused;EconomicOperands;1
prohibit;RegulatoryOperators;2
partnership;EconomicOperands;1
$1000000;Attributes;1
found;Other;1
proposes;EconomicOperands;1
advance;EconomicOperands;1
participated;EconomicOperands;2
material;EconomicOperands;3
demonstrated;EconomicOperands;1
practice;EconomicOperands;8
Convicted;EconomicOperands;1
convicted;EconomicOperands;1
215;LegalReferences;1
18;LegalReferences;3
Settlement;EconomicOperands;1
resolves;EconomicOperands;1
settles;EconomicOperands;1
Cost;EconomicOperands;1
executing;EconomicOperands;1
promulgate;EconomicOperands;1
defining;EconomicOperands;1
bonuses;EconomicOperands;1
deferred;EconomicOperands;1
prohibition;RegulatoryOperators;1
Section;Other;1
inserting;Other;2
II;LegalReferences;1
National;EconomicOperands;1
Credit;EconomicOperands;1
Conforming;Other;1
amendment;Other;1
1032;LegalReferences;1
heading;Other;1
striking;Other;1
403(a);LegalReferences;1
4403(a));LegalReferences;1
210(c);LegalReferences;1
1367;LegalReferences;1
4617(d));LegalReferences;1
11(e);LegalReferences;1
FDIC;EconomicOperands;1
inspector;EconomicOperands;3
reviews;EconomicOperands;4
Inspector;EconomicOperands;12
supervise;RegulatoryOperators;2
audits;EconomicOperands;2
mergers;EconomicOperands;1
adequacy;EconomicOperands;2
210(n)(14);LegalReferences;1
overall;LogicalConnectors;1
Frequency;EconomicOperands;2
audit;EconomicOperands;2
investigation;EconomicOperands;2
semiannual;Attributes;2
5(a);LegalReferences;2
1978;LegalReferences;2
evaluations;EconomicOperands;1
committees;EconomicOperands;3
Initial;EconomicOperands;1
enable;EconomicOperands;1
Department;EconomicOperands;4
analysis;EconomicOperands;1
underlying;EconomicOperands;1
supervised;EconomicOperands;2
165;LegalReferences;1
reviewing;EconomicOperands;1
supervisory;EconomicOperands;1
acts;LegalReferences;1
officials;EconomicOperands;1
recommend;EconomicOperands;1
legislative;EconomicOperands;1
along;FunctionWords;1
reasons;EconomicOperands;1
prevention;EconomicOperands;1
Funds;EconomicOperands;1
Limit;EconomicOperands;1
multiple;EconomicOperands;1
Ban;EconomicOperands;1
violated;EconomicOperands;1
unsafe;EconomicOperands;1
unsound;EconomicOperands;1
constitutes;EconomicOperands;1
violation;EconomicOperands;5
gain;EconomicOperands;1
involves;EconomicOperands;1
continuing;EconomicOperands;1
safety;EconomicOperands;1
soundness;EconomicOperands;1
Authorized;RegulatoryOperators;1
serve;EconomicOperands;1
intention;EconomicOperands;1
commensurate;EconomicOperands;1
8(e);LegalReferences;1
administer;EconomicOperands;1
guidelines;EconomicOperands;1
define;EconomicOperands;1
taxpayer;EconomicOperands;3
put;Other;1
Recovery;EconomicOperands;1
expended;EconomicOperands;1
taxpayers;EconomicOperands;3
Taxpayers;EconomicOperands;1
evaluating;EconomicOperands;1
promoting;EconomicOperands;1
discipline;EconomicOperands;2
past;FunctionWords;1
how;FunctionWords;2
various;FunctionWords;2
examine;EconomicOperands;1
(of;FunctionWords;1
degrees);EconomicOperands;1
improve;EconomicOperands;1
dynamics;EconomicOperands;1
prudent;Attributes;1
lending;EconomicOperands;2
large;EconomicOperands;1
interconnected;EconomicOperands;1
firms;EconomicOperands;1
types;EconomicOperands;1
timing;EconomicOperands;1
examination;EconomicOperands;1
firm;EconomicOperands;2
behavior;EconomicOperands;1
protects;EconomicOperands;1
containing;EconomicOperands;1
conclusions;EconomicOperands;1
nonbank;EconomicOperands;2
systemic;EconomicOperands;2
special;EconomicOperands;2
judges;EconomicOperands;1
oversee;EconomicOperands;1
adverse;EconomicOperands;2
impacts;EconomicOperands;2
creating;EconomicOperands;4
amendments;Other;2
enhance;EconomicOperands;1
challenges;EconomicOperands;1
Banking;EconomicOperands;2
Housing;EconomicOperands;2
issues;EconomicOperands;1
