2015-THE NORINCHUKIN BANK.txt;DODD-FRANK WALL STREET REFORM AND CONSUMER PROTECTION ACT;LegalReferences;1
2015-THE NORINCHUKIN BANK.txt;FEDERAL DEPOSIT INSURANCE CORPORATION;EconomicOperands;2
2015-THE NORINCHUKIN BANK.txt;INSURED DEPOSITORY INSTITUTION;EconomicOperands;2
2015-THE NORINCHUKIN BANK.txt;BOARD OF GOVERNORS;EconomicOperands;2
2015-THE NORINCHUKIN BANK.txt;IN CONNECTION WITH;FunctionWords;1
2015-THE NORINCHUKIN BANK.txt;IN ACCORDANCE WITH;LogicalConnectors;1
2015-THE NORINCHUKIN BANK.txt;PARAGRAPH 1 OR 2;LegalReferences;1
2015-THE NORINCHUKIN BANK.txt;FEDERAL RESERVE;EconomicOperands;2
2015-THE NORINCHUKIN BANK.txt;CIRCUMSTANCES;EconomicOperands;1
2015-THE NORINCHUKIN BANK.txt;EFFECTIVENESS;EconomicOperands;1
2015-THE NORINCHUKIN BANK.txt;UNDERSTANDING;EconomicOperands;1
2015-THE NORINCHUKIN BANK.txt;TO THE EXTENT;LogicalConnectors;2
2015-THE NORINCHUKIN BANK.txt;AUTHORIZATION;RegulatoryOperators;1
2015-THE NORINCHUKIN BANK.txt;COMMUNICATED;EconomicOperands;1
2015-THE NORINCHUKIN BANK.txt;REQUIREMENTS;EconomicOperands;5
2015-THE NORINCHUKIN BANK.txt;SUBSIDIARIES;EconomicOperands;2
2015-THE NORINCHUKIN BANK.txt;SECTION 165D;LegalReferences;1
2015-THE NORINCHUKIN BANK.txt;SPECIFICALLY;LogicalConnectors;1
2015-THE NORINCHUKIN BANK.txt;DECEMBER 31;Attributes;2
2015-THE NORINCHUKIN BANK.txt;ACCOMPANIED;EconomicOperands;1
2015-THE NORINCHUKIN BANK.txt;EXPERIENCES;EconomicOperands;1
2015-THE NORINCHUKIN BANK.txt;EXPLANATION;EconomicOperands;1
2015-THE NORINCHUKIN BANK.txt;INFORMATION;EconomicOperands;9
2015-THE NORINCHUKIN BANK.txt;REQUIREMENT;EconomicOperands;2
2015-THE NORINCHUKIN BANK.txt;SUBMISSIONS;EconomicOperands;5
2015-THE NORINCHUKIN BANK.txt;SUPERVISORY;EconomicOperands;1
2015-THE NORINCHUKIN BANK.txt;PURSUANT TO;FunctionWords;3
2015-THE NORINCHUKIN BANK.txt;SUBSECTIONS;LegalReferences;1
2015-THE NORINCHUKIN BANK.txt;ACCORDINGLY;LogicalConnectors;1
2015-THE NORINCHUKIN BANK.txt;ACCEPTABLE;Attributes;1
2015-THE NORINCHUKIN BANK.txt;ADEQUATELY;Attributes;1
2015-THE NORINCHUKIN BANK.txt;REASONABLY;Attributes;1
2015-THE NORINCHUKIN BANK.txt;ACTIVITIES;EconomicOperands;1
2015-THE NORINCHUKIN BANK.txt;CONDITIONS;EconomicOperands;11
2015-THE NORINCHUKIN BANK.txt;OCCURRENCE;EconomicOperands;3
2015-THE NORINCHUKIN BANK.txt;RESOLUTION;EconomicOperands;30
2015-THE NORINCHUKIN BANK.txt;SUBMISSION;EconomicOperands;3
2015-THE NORINCHUKIN BANK.txt;SUBSIDIARY;EconomicOperands;1
2015-THE NORINCHUKIN BANK.txt;APPLICABLE;FunctionWords;2
2015-THE NORINCHUKIN BANK.txt;SUBSEQUENT;FunctionWords;1
2015-THE NORINCHUKIN BANK.txt;SECTION 4A;LegalReferences;1
2015-THE NORINCHUKIN BANK.txt;SUBSECTION;LegalReferences;6
2015-THE NORINCHUKIN BANK.txt;CONCERNING;LogicalConnectors;1
2015-THE NORINCHUKIN BANK.txt;LATER THAN;LogicalConnectors;1
2015-THE NORINCHUKIN BANK.txt;SUBJECT TO;LogicalConnectors;3
2015-THE NORINCHUKIN BANK.txt;ADDITIONAL;MathematicalOperators;2
2015-THE NORINCHUKIN BANK.txt;AUTHORIZED;RegulatoryOperators;5
2015-THE NORINCHUKIN BANK.txt;DETERMINED;RegulatoryOperators;2
2015-THE NORINCHUKIN BANK.txt;NO LONGER;Attributes;4
2015-THE NORINCHUKIN BANK.txt;QUARTERLY;Attributes;1
2015-THE NORINCHUKIN BANK.txt;ASSOCIATE;EconomicOperands;1
2015-THE NORINCHUKIN BANK.txt;DIRECTORS;EconomicOperands;1
2015-THE NORINCHUKIN BANK.txt;EXECUTIVE;EconomicOperands;1
2015-THE NORINCHUKIN BANK.txt;FINANCIAL;EconomicOperands;3
2015-THE NORINCHUKIN BANK.txt;PROTECTED;EconomicOperands;1
2015-THE NORINCHUKIN BANK.txt;QUESTIONS;EconomicOperands;1
2015-THE NORINCHUKIN BANK.txt;REINSTATE;EconomicOperands;1
2015-THE NORINCHUKIN BANK.txt;SUBMITTED;EconomicOperands;1
2015-THE NORINCHUKIN BANK.txt;FOLLOWING;FunctionWords;4
2015-THE NORINCHUKIN BANK.txt;HEREAFTER;FunctionWords;1
2015-THE NORINCHUKIN BANK.txt;INCLUDING;LogicalConnectors;1
2015-THE NORINCHUKIN BANK.txt;DESCRIBED;Other;1
2015-THE NORINCHUKIN BANK.txt;DESCRIBES;Other;1
2015-THE NORINCHUKIN BANK.txt;EXPRESSLY;Other;1
2015-THE NORINCHUKIN BANK.txt;DETERMINE;RegulatoryOperators;2
2015-THE NORINCHUKIN BANK.txt;EXEMPTION;RegulatoryOperators;6
2015-THE NORINCHUKIN BANK.txt;SATISFIES;RegulatoryOperators;2
2015-THE NORINCHUKIN BANK.txt;SPECIFIED;RegulatoryOperators;4
2015-THE NORINCHUKIN BANK.txt;270 DAYS;Attributes;2
2015-THE NORINCHUKIN BANK.txt;RELEVANT;Attributes;1
2015-THE NORINCHUKIN BANK.txt;AGENCIES;EconomicOperands;10
2015-THE NORINCHUKIN BANK.txt;ANALYSIS;EconomicOperands;1
2015-THE NORINCHUKIN BANK.txt;APPROVED;EconomicOperands;1
2015-THE NORINCHUKIN BANK.txt;BASELINE;EconomicOperands;2
2015-THE NORINCHUKIN BANK.txt;BUSINESS;EconomicOperands;1
2015-THE NORINCHUKIN BANK.txt;CONSIDER;EconomicOperands;1
2015-THE NORINCHUKIN BANK.txt;DIRECTOR;EconomicOperands;1
2015-THE NORINCHUKIN BANK.txt;DISTRESS;EconomicOperands;2
2015-THE NORINCHUKIN BANK.txt;ECONOMIC;EconomicOperands;4
2015-THE NORINCHUKIN BANK.txt;ELEMENTS;EconomicOperands;1
2015-THE NORINCHUKIN BANK.txt;EXTENDED;EconomicOperands;1
2015-THE NORINCHUKIN BANK.txt;INCLUDES;EconomicOperands;1
2015-THE NORINCHUKIN BANK.txt;INTENDED;EconomicOperands;1
2015-THE NORINCHUKIN BANK.txt;MATERIAL;EconomicOperands;9
2015-THE NORINCHUKIN BANK.txt;OUTLINED;EconomicOperands;1
2015-THE NORINCHUKIN BANK.txt;REPORTED;EconomicOperands;1
2015-THE NORINCHUKIN BANK.txt;RESPONSE;EconomicOperands;1
2015-THE NORINCHUKIN BANK.txt;REVIEWED;EconomicOperands;1
2015-THE NORINCHUKIN BANK.txt;SEVERELY;EconomicOperands;3
2015-THE NORINCHUKIN BANK.txt;STRATEGY;EconomicOperands;2
2015-THE NORINCHUKIN BANK.txt;DOES NOT;FunctionWords;1
2015-THE NORINCHUKIN BANK.txt;TOGETHER;FunctionWords;1
2015-THE NORINCHUKIN BANK.txt;AT LEAST;LogicalConnectors;1
2015-THE NORINCHUKIN BANK.txt;PROVIDED;LogicalConnectors;2
2015-THE NORINCHUKIN BANK.txt;BASED ON;Other;1
2015-THE NORINCHUKIN BANK.txt;SECTIONS;Other;1
2015-THE NORINCHUKIN BANK.txt;TAILORED;Other;2
2015-THE NORINCHUKIN BANK.txt;ENSURING;RegulatoryOperators;1
2015-THE NORINCHUKIN BANK.txt;EXEMPTED;RegulatoryOperators;1
2015-THE NORINCHUKIN BANK.txt;REQUIRED;RegulatoryOperators;11
2015-THE NORINCHUKIN BANK.txt;45 DAYS;Attributes;1
2015-THE NORINCHUKIN BANK.txt;ABSENCE;EconomicOperands;1
2015-THE NORINCHUKIN BANK.txt;ACTIONS;EconomicOperands;1
2015-THE NORINCHUKIN BANK.txt;ADVERSE;EconomicOperands;5
2015-THE NORINCHUKIN BANK.txt;ANALYST;EconomicOperands;1
2015-THE NORINCHUKIN BANK.txt;ARISING;EconomicOperands;1
2015-THE NORINCHUKIN BANK.txt;CAPTURE;EconomicOperands;1
2015-THE NORINCHUKIN BANK.txt;CHANGES;EconomicOperands;2
2015-THE NORINCHUKIN BANK.txt;COMPANY;EconomicOperands;37
2015-THE NORINCHUKIN BANK.txt;CONTACT;EconomicOperands;1
2015-THE NORINCHUKIN BANK.txt;CONTAIN;EconomicOperands;2
2015-THE NORINCHUKIN BANK.txt;COVERED;EconomicOperands;37
2015-THE NORINCHUKIN BANK.txt;DISCUSS;EconomicOperands;1
2015-THE NORINCHUKIN BANK.txt;FAILURE;EconomicOperands;2
2015-THE NORINCHUKIN BANK.txt;IMPROVE;EconomicOperands;1
2015-THE NORINCHUKIN BANK.txt;INCLUDE;EconomicOperands;1
2015-THE NORINCHUKIN BANK.txt;NONBANK;EconomicOperands;1
2015-THE NORINCHUKIN BANK.txt;ORDERLY;EconomicOperands;1
2015-THE NORINCHUKIN BANK.txt;PROVIDE;EconomicOperands;3
2015-THE NORINCHUKIN BANK.txt;REDUCED;EconomicOperands;20
2015-THE NORINCHUKIN BANK.txt;REFLECT;EconomicOperands;1
2015-THE NORINCHUKIN BANK.txt;RESULTS;EconomicOperands;1
2015-THE NORINCHUKIN BANK.txt;SUMMARY;EconomicOperands;1
2015-THE NORINCHUKIN BANK.txt;WRITTEN;EconomicOperands;1
2015-THE NORINCHUKIN BANK.txt;CERTAIN;FunctionWords;1
2015-THE NORINCHUKIN BANK.txt;WITHOUT;FunctionWords;2
2015-THE NORINCHUKIN BANK.txt;SECTION;LegalReferences;2
2015-THE NORINCHUKIN BANK.txt;JOINTLY;LogicalConnectors;2
2015-THE NORINCHUKIN BANK.txt;FURTHER;LogicalConnectors;2
2015-THE NORINCHUKIN BANK.txt;THAT IS;LogicalConnectors;1
2015-THE NORINCHUKIN BANK.txt;AVERAGE;MathematicalOperators;1
2015-THE NORINCHUKIN BANK.txt;CONTENT;Other;2
2015-THE NORINCHUKIN BANK.txt;ACTION;EconomicOperands;2
2015-THE NORINCHUKIN BANK.txt;ANNUAL;EconomicOperands;1
2015-THE NORINCHUKIN BANK.txt;ASSETS;EconomicOperands;2
2015-THE NORINCHUKIN BANK.txt;ASSUME;EconomicOperands;2
2015-THE NORINCHUKIN BANK.txt;BRANCH;EconomicOperands;2
2015-THE NORINCHUKIN BANK.txt;CAUSED;EconomicOperands;1
2015-THE NORINCHUKIN BANK.txt;CHANGE;EconomicOperands;2
2015-THE NORINCHUKIN BANK.txt;EFFECT;EconomicOperands;1
2015-THE NORINCHUKIN BANK.txt;EVENTS;EconomicOperands;1
2015-THE NORINCHUKIN BANK.txt;EXPIRE;EconomicOperands;3
2015-THE NORINCHUKIN BANK.txt;EXTEND;EconomicOperands;1
2015-THE NORINCHUKIN BANK.txt;INFORM;EconomicOperands;1
2015-THE NORINCHUKIN BANK.txt;ISSUED;EconomicOperands;1
2015-THE NORINCHUKIN BANK.txt;NOTICE;EconomicOperands;6
2015-THE NORINCHUKIN BANK.txt;OCCURS;EconomicOperands;5
2015-THE NORINCHUKIN BANK.txt;PUBLIC;EconomicOperands;1
2015-THE NORINCHUKIN BANK.txt;RECENT;EconomicOperands;2
2015-THE NORINCHUKIN BANK.txt;REDUCE;EconomicOperands;1
2015-THE NORINCHUKIN BANK.txt;REMAIN;EconomicOperands;1
2015-THE NORINCHUKIN BANK.txt;REVIEW;EconomicOperands;1
2015-THE NORINCHUKIN BANK.txt;SENIOR;EconomicOperands;1
2015-THE NORINCHUKIN BANK.txt;SUBMIT;EconomicOperands;9
2015-THE NORINCHUKIN BANK.txt;SYSTEM;EconomicOperands;2
2015-THE NORINCHUKIN BANK.txt;BEYOND;FunctionWords;1
2015-THE NORINCHUKIN BANK.txt;EITHER;LogicalConnectors;3
2015-THE NORINCHUKIN BANK.txt;UNLESS;LogicalConnectors;1
2015-THE NORINCHUKIN BANK.txt;WITHIN;LogicalConnectors;1
2015-THE NORINCHUKIN BANK.txt;SHOULD;RegulatoryOperators;5
2015-THE NORINCHUKIN BANK.txt;COMPLY;RegulatoryOperators;1
2015-THE NORINCHUKIN BANK.txt;EXEMPT;RegulatoryOperators;1
2015-THE NORINCHUKIN BANK.txt;FIRST;Attributes;1
2015-THE NORINCHUKIN BANK.txt;THIRD;Attributes;1
2015-THE NORINCHUKIN BANK.txt;BOARD;EconomicOperands;4
2015-THE NORINCHUKIN BANK.txt;DATES;EconomicOperands;1
2015-THE NORINCHUKIN BANK.txt;EQUAL;EconomicOperands;1
2015-THE NORINCHUKIN BANK.txt;EVENT;EconomicOperands;8
2015-THE NORINCHUKIN BANK.txt;LARGE;EconomicOperands;1
2015-THE NORINCHUKIN BANK.txt;LEASE;EconomicOperands;1
2015-THE NORINCHUKIN BANK.txt;MEETS;EconomicOperands;1
2015-THE NORINCHUKIN BANK.txt;PLANS;EconomicOperands;11
2015-THE NORINCHUKIN BANK.txt;PRIOR;EconomicOperands;1
2015-THE NORINCHUKIN BANK.txt;RAPID;EconomicOperands;1
2015-THE NORINCHUKIN BANK.txt;RISKS;EconomicOperands;1
2015-THE NORINCHUKIN BANK.txt;SCOPE;EconomicOperands;1
2015-THE NORINCHUKIN BANK.txt;ABOUT;FunctionWords;1
2015-THE NORINCHUKIN BANK.txt;ABOVE;FunctionWords;3
2015-THE NORINCHUKIN BANK.txt;BELOW;FunctionWords;4
2015-THE NORINCHUKIN BANK.txt;COULD;FunctionWords;1
2015-THE NORINCHUKIN BANK.txt;THERE;FunctionWords;1
2015-THE NORINCHUKIN BANK.txt;THESE;FunctionWords;2
2015-THE NORINCHUKIN BANK.txt;THOSE;FunctionWords;1
2015-THE NORINCHUKIN BANK.txt;UNDER;FunctionWords;5
2015-THE NORINCHUKIN BANK.txt;WHICH;FunctionWords;2
2015-THE NORINCHUKIN BANK.txt;OTHER;LogicalConnectors;4
2015-THE NORINCHUKIN BANK.txt;AFTER;LogicalConnectors;1
2015-THE NORINCHUKIN BANK.txt;IF SO;LogicalConnectors;1
2015-THE NORINCHUKIN BANK.txt;SINCE;LogicalConnectors;1
2015-THE NORINCHUKIN BANK.txt;STILL;LogicalConnectors;1
2015-THE NORINCHUKIN BANK.txt;TOTAL;MathematicalOperators;2
2015-THE NORINCHUKIN BANK.txt;TAKEN;Other;1
2015-THE NORINCHUKIN BANK.txt;2015;Attributes;1
2015-THE NORINCHUKIN BANK.txt;FOUR;Attributes;1
2015-THE NORINCHUKIN BANK.txt;BANK;EconomicOperands;1
2015-THE NORINCHUKIN BANK.txt;BILL;EconomicOperands;2
2015-THE NORINCHUKIN BANK.txt;CASE;EconomicOperands;1
2015-THE NORINCHUKIN BANK.txt;DATE;EconomicOperands;5
2015-THE NORINCHUKIN BANK.txt;FDIC;EconomicOperands;2
2015-THE NORINCHUKIN BANK.txt;FILE;EconomicOperands;3
2015-THE NORINCHUKIN BANK.txt;NOTE;EconomicOperands;1
2015-THE NORINCHUKIN BANK.txt;PLAN;EconomicOperands;39
2015-THE NORINCHUKIN BANK.txt;RING;EconomicOperands;2
2015-THE NORINCHUKIN BANK.txt;RULE;EconomicOperands;10
2015-THE NORINCHUKIN BANK.txt;FROM;FunctionWords;5
2015-THE NORINCHUKIN BANK.txt;HAVE;FunctionWords;7
2015-THE NORINCHUKIN BANK.txt;MADE;FunctionWords;1
2015-THE NORINCHUKIN BANK.txt;MOST;FunctionWords;2
2015-THE NORINCHUKIN BANK.txt;MUST;FunctionWords;6
2015-THE NORINCHUKIN BANK.txt;PART;FunctionWords;2
2015-THE NORINCHUKIN BANK.txt;THAN;FunctionWords;3
2015-THE NORINCHUKIN BANK.txt;THAT;FunctionWords;15
2015-THE NORINCHUKIN BANK.txt;THEY;FunctionWords;1
2015-THE NORINCHUKIN BANK.txt;THIS;FunctionWords;3
2015-THE NORINCHUKIN BANK.txt;WILL;FunctionWords;3
2015-THE NORINCHUKIN BANK.txt;WITH;FunctionWords;2
2015-THE NORINCHUKIN BANK.txt;EACH;LogicalConnectors;2
2015-THE NORINCHUKIN BANK.txt;ALSO;LogicalConnectors;3
2015-THE NORINCHUKIN BANK.txt;MORE;LogicalConnectors;1
2015-THE NORINCHUKIN BANK.txt;NEXT;LogicalConnectors;4
2015-THE NORINCHUKIN BANK.txt;ONLY;LogicalConnectors;1
2015-THE NORINCHUKIN BANK.txt;THEN;LogicalConnectors;2
2015-THE NORINCHUKIN BANK.txt;DUE;Attributes;1
2015-THE NORINCHUKIN BANK.txt;TWO;Attributes;2
2015-THE NORINCHUKIN BANK.txt;SIV;EconomicOperands;2
2015-THE NORINCHUKIN BANK.txt;ARE;FunctionWords;4
2015-THE NORINCHUKIN BANK.txt;FOR;FunctionWords;12
2015-THE NORINCHUKIN BANK.txt;HAS;FunctionWords;1
2015-THE NORINCHUKIN BANK.txt;ITS;FunctionWords;8
2015-THE NORINCHUKIN BANK.txt;MAY;FunctionWords;3
2015-THE NORINCHUKIN BANK.txt;ONE;FunctionWords;2
2015-THE NORINCHUKIN BANK.txt;THE;FunctionWords;115
2015-THE NORINCHUKIN BANK.txt;14A;LegalReferences;1
2015-THE NORINCHUKIN BANK.txt;201;LegalReferences;3
2015-THE NORINCHUKIN BANK.txt;202;LegalReferences;2
2015-THE NORINCHUKIN BANK.txt;III;LegalReferences;1
2015-THE NORINCHUKIN BANK.txt;ALL;LogicalConnectors;4
2015-THE NORINCHUKIN BANK.txt;ANY;LogicalConnectors;9
2015-THE NORINCHUKIN BANK.txt;AND;LogicalConnectors;14
2015-THE NORINCHUKIN BANK.txt;BUT;LogicalConnectors;4
2015-THE NORINCHUKIN BANK.txt;NON;LogicalConnectors;2
2015-THE NORINCHUKIN BANK.txt;NOR;LogicalConnectors;3
2015-THE NORINCHUKIN BANK.txt;NOT;LogicalConnectors;4
2015-THE NORINCHUKIN BANK.txt;WHY;LogicalConnectors;1
2015-THE NORINCHUKIN BANK.txt;END;Other;1
2015-THE NORINCHUKIN BANK.txt;12;Attributes;6
2015-THE NORINCHUKIN BANK.txt;25;Attributes;1
2015-THE NORINCHUKIN BANK.txt;50;Attributes;2
2015-THE NORINCHUKIN BANK.txt;EC;EconomicOperands;1
2015-THE NORINCHUKIN BANK.txt;IT;EconomicOperands;2
2015-THE NORINCHUKIN BANK.txt;TR;EconomicOperands;2
2015-THE NORINCHUKIN BANK.txt;US;EconomicOperands;5
2015-THE NORINCHUKIN BANK.txt;VI;EconomicOperands;1
2015-THE NORINCHUKIN BANK.txt;AN;FunctionWords;4
2015-THE NORINCHUKIN BANK.txt;AT;FunctionWords;4
2015-THE NORINCHUKIN BANK.txt;BE;FunctionWords;7
2015-THE NORINCHUKIN BANK.txt;BY;FunctionWords;13
2015-THE NORINCHUKIN BANK.txt;GO;FunctionWords;2
2015-THE NORINCHUKIN BANK.txt;IN;FunctionWords;17
2015-THE NORINCHUKIN BANK.txt;IS;FunctionWords;13
2015-THE NORINCHUKIN BANK.txt;OF;FunctionWords;36
2015-THE NORINCHUKIN BANK.txt;ON;FunctionWords;8
2015-THE NORINCHUKIN BANK.txt;TO;FunctionWords;29
2015-THE NORINCHUKIN BANK.txt;24;LegalReferences;2
2015-THE NORINCHUKIN BANK.txt;36;LegalReferences;2
2015-THE NORINCHUKIN BANK.txt;38;LegalReferences;3
2015-THE NORINCHUKIN BANK.txt;3B;LegalReferences;3
2015-THE NORINCHUKIN BANK.txt;4A;LegalReferences;1
2015-THE NORINCHUKIN BANK.txt;4B;LegalReferences;2
2015-THE NORINCHUKIN BANK.txt;4C;LegalReferences;1
2015-THE NORINCHUKIN BANK.txt;4I;LegalReferences;2
2015-THE NORINCHUKIN BANK.txt;4K;LegalReferences;1
2015-THE NORINCHUKIN BANK.txt;5D;LegalReferences;1
2015-THE NORINCHUKIN BANK.txt;5I;LegalReferences;1
2015-THE NORINCHUKIN BANK.txt;B3;LegalReferences;1
2015-THE NORINCHUKIN BANK.txt;NO;LogicalConnectors;3
2015-THE NORINCHUKIN BANK.txt;AS;LogicalConnectors;7
2015-THE NORINCHUKIN BANK.txt;IF;LogicalConnectors;9
2015-THE NORINCHUKIN BANK.txt;OR;LogicalConnectors;15
2015-THE NORINCHUKIN BANK.txt;1;Attributes;5
2015-THE NORINCHUKIN BANK.txt;2;Attributes;9
2015-THE NORINCHUKIN BANK.txt;3;Attributes;9
2015-THE NORINCHUKIN BANK.txt;4;Attributes;6
2015-THE NORINCHUKIN BANK.txt;5;Attributes;5
2015-THE NORINCHUKIN BANK.txt;7;Attributes;3
2015-THE NORINCHUKIN BANK.txt;8;Attributes;6
2015-THE NORINCHUKIN BANK.txt;9;Attributes;1
2015-THE NORINCHUKIN BANK.txt;A;FunctionWords;35
2015-THE NORINCHUKIN BANK.txt;I;FunctionWords;9
2015-THE NORINCHUKIN BANK.txt;B;LegalReferences;5
2015-THE NORINCHUKIN BANK.txt;C;LegalReferences;15
2015-THE NORINCHUKIN BANK.txt;D;LegalReferences;4
2015-THE NORINCHUKIN BANK.txt;E;LegalReferences;33
2015-THE NORINCHUKIN BANK.txt;F;LegalReferences;7
2015-THE NORINCHUKIN BANK.txt;H;LegalReferences;3
2015-THE NORINCHUKIN BANK.txt;K;LegalReferences;3
2015-THE NORINCHUKIN BANK.txt;L;LegalReferences;13
2015-THE NORINCHUKIN BANK.txt;M;LegalReferences;1
2015-THE NORINCHUKIN BANK.txt;N;LegalReferences;8
2015-THE NORINCHUKIN BANK.txt;O;LegalReferences;7
2015-THE NORINCHUKIN BANK.txt;P;LegalReferences;3
2015-THE NORINCHUKIN BANK.txt;Q;LegalReferences;2
2015-THE NORINCHUKIN BANK.txt;R;LegalReferences;21
2015-THE NORINCHUKIN BANK.txt;T;LegalReferences;12
2015-THE NORINCHUKIN BANK.txt;U;LegalReferences;5
2015-THE NORINCHUKIN BANK.txt;V;LegalReferences;3
2015-THE NORINCHUKIN BANK.txt;Y;LegalReferences;5
