2015-BANK OF AMERICA CORPORATION.txt;DODD-FRANK WALL STREET REFORM AND CONSUMER PROTECTION ACT;LegalReferences;1
2015-BANK OF AMERICA CORPORATION.txt;FEDERAL DEPOSIT INSURANCE CORPORATION;EconomicOperands;1
2015-BANK OF AMERICA CORPORATION.txt;INTERMEDIATE HOLDING COMPANY;EconomicOperands;1
2015-BANK OF AMERICA CORPORATION.txt;NONBANK FINANCIAL COMPANY;EconomicOperands;1
2015-BANK OF AMERICA CORPORATION.txt;FINANCIAL MARKET UTILITY;EconomicOperands;1
2015-BANK OF AMERICA CORPORATION.txt;AFFILIATE TRANSACTIONS;EconomicOperands;2
2015-BANK OF AMERICA CORPORATION.txt;LIQUIDITY REQUIREMENTS;EconomicOperands;2
2015-BANK OF AMERICA CORPORATION.txt;DEMONSTRABLE PROGRESS;EconomicOperands;4
2015-BANK OF AMERICA CORPORATION.txt;BANK HOLDING COMPANY;EconomicOperands;1
2015-BANK OF AMERICA CORPORATION.txt;FINANCIAL STATEMENTS;EconomicOperands;4
2015-BANK OF AMERICA CORPORATION.txt;BOARD OF GOVERNORS;EconomicOperands;1
2015-BANK OF AMERICA CORPORATION.txt;TOTAL CONSOLIDATED;EconomicOperands;1
2015-BANK OF AMERICA CORPORATION.txt;UNITED STATES CODE;LegalReferences;1
2015-BANK OF AMERICA CORPORATION.txt;HOLDING COMPANIES;EconomicOperands;4
2015-BANK OF AMERICA CORPORATION.txt;IN THE EVENT THAT;LogicalConnectors;1
2015-BANK OF AMERICA CORPORATION.txt;ANSWER QUESTIONS;EconomicOperands;1
2015-BANK OF AMERICA CORPORATION.txt;OVER-THE-COUNTER;EconomicOperands;1
2015-BANK OF AMERICA CORPORATION.txt;BANKRUPTCY CODE;EconomicOperands;4
2015-BANK OF AMERICA CORPORATION.txt;FEDERAL RESERVE;EconomicOperands;1
2015-BANK OF AMERICA CORPORATION.txt;HOLDING COMPANY;EconomicOperands;4
2015-BANK OF AMERICA CORPORATION.txt;RISK MANAGEMENT;EconomicOperands;1
2015-BANK OF AMERICA CORPORATION.txt;ASSOCIATED WITH;FunctionWords;1
2015-BANK OF AMERICA CORPORATION.txt;NOTWITHSTANDING;LogicalConnectors;1
2015-BANK OF AMERICA CORPORATION.txt;WITH RESPECT TO;LogicalConnectors;1
2015-BANK OF AMERICA CORPORATION.txt;BROKER-DEALERS;EconomicOperands;3
2015-BANK OF AMERICA CORPORATION.txt;CAPITALIZATION;EconomicOperands;1
2015-BANK OF AMERICA CORPORATION.txt;COUNTERPARTIES;EconomicOperands;3
2015-BANK OF AMERICA CORPORATION.txt;IMPLEMENTATION;EconomicOperands;2
2015-BANK OF AMERICA CORPORATION.txt;IN ADDITION TO;LogicalConnectors;2
2015-BANK OF AMERICA CORPORATION.txt;APPROPRIATELY;Attributes;1
2015-BANK OF AMERICA CORPORATION.txt;IN THE FUTURE;Attributes;1
2015-BANK OF AMERICA CORPORATION.txt;COMMUNICATION;EconomicOperands;9
2015-BANK OF AMERICA CORPORATION.txt;COMPREHENSIVE;EconomicOperands;4
2015-BANK OF AMERICA CORPORATION.txt;CONCENTRATION;EconomicOperands;1
2015-BANK OF AMERICA CORPORATION.txt;CONSIDERATION;EconomicOperands;1
2015-BANK OF AMERICA CORPORATION.txt;DETERMINATION;EconomicOperands;1
2015-BANK OF AMERICA CORPORATION.txt;EFFECTIVENESS;EconomicOperands;1
2015-BANK OF AMERICA CORPORATION.txt;INTERNATIONAL;EconomicOperands;1
2015-BANK OF AMERICA CORPORATION.txt;METHODOLOGIES;EconomicOperands;1
2015-BANK OF AMERICA CORPORATION.txt;STABILIZATION;EconomicOperands;6
2015-BANK OF AMERICA CORPORATION.txt;THIRD PARTIES;EconomicOperands;1
2015-BANK OF AMERICA CORPORATION.txt;UNANTICIPATED;EconomicOperands;1
2015-BANK OF AMERICA CORPORATION.txt;SUBSTANTIALLY;FunctionWords;1
2015-BANK OF AMERICA CORPORATION.txt;TO THE EXTENT;LogicalConnectors;2
2015-BANK OF AMERICA CORPORATION.txt;INSUFFICIENT;Attributes;1
2015-BANK OF AMERICA CORPORATION.txt;SUFFICIENTLY;Attributes;1
2015-BANK OF AMERICA CORPORATION.txt;ARRANGEMENTS;EconomicOperands;2
2015-BANK OF AMERICA CORPORATION.txt;CALCULATIONS;EconomicOperands;1
2015-BANK OF AMERICA CORPORATION.txt;CAPABILITIES;EconomicOperands;1
2015-BANK OF AMERICA CORPORATION.txt;COMMENCEMENT;EconomicOperands;2
2015-BANK OF AMERICA CORPORATION.txt;COMMUNICATED;EconomicOperands;1
2015-BANK OF AMERICA CORPORATION.txt;CONSOLIDATED;EconomicOperands;4
2015-BANK OF AMERICA CORPORATION.txt;CONTEMPLATED;EconomicOperands;1
2015-BANK OF AMERICA CORPORATION.txt;CONTRIBUTION;EconomicOperands;1
2015-BANK OF AMERICA CORPORATION.txt;COUNTERPARTY;EconomicOperands;3
2015-BANK OF AMERICA CORPORATION.txt;DEFICIENCIES;EconomicOperands;4
2015-BANK OF AMERICA CORPORATION.txt;DEVELOPMENTS;EconomicOperands;1
2015-BANK OF AMERICA CORPORATION.txt;ENHANCEMENTS;EconomicOperands;2
2015-BANK OF AMERICA CORPORATION.txt;EXPECTATIONS;EconomicOperands;1
2015-BANK OF AMERICA CORPORATION.txt;IMPROVEMENTS;EconomicOperands;1
2015-BANK OF AMERICA CORPORATION.txt;INCORPORATED;EconomicOperands;1
2015-BANK OF AMERICA CORPORATION.txt;INSTRUCTIONS;EconomicOperands;2
2015-BANK OF AMERICA CORPORATION.txt;ORGANIZATION;EconomicOperands;2
2015-BANK OF AMERICA CORPORATION.txt;REQUIREMENTS;EconomicOperands;6
2015-BANK OF AMERICA CORPORATION.txt;SHORTCOMINGS;EconomicOperands;8
2015-BANK OF AMERICA CORPORATION.txt;SUBSIDIARIES;EconomicOperands;3
2015-BANK OF AMERICA CORPORATION.txt;TRANSACTIONS;EconomicOperands;1
2015-BANK OF AMERICA CORPORATION.txt;SECTION 165D;LegalReferences;6
2015-BANK OF AMERICA CORPORATION.txt;A VARIETY OF;LogicalConnectors;1
2015-BANK OF AMERICA CORPORATION.txt;ADDITIONALLY;LogicalConnectors;1
2015-BANK OF AMERICA CORPORATION.txt;EARLIER THAN;LogicalConnectors;1
2015-BANK OF AMERICA CORPORATION.txt;PARTICULARLY;LogicalConnectors;1
2015-BANK OF AMERICA CORPORATION.txt;SPECIFICALLY;LogicalConnectors;2
2015-BANK OF AMERICA CORPORATION.txt;IMPLEMENTING;RegulatoryOperators;1
2015-BANK OF AMERICA CORPORATION.txt;RESTRICTIONS;RegulatoryOperators;1
2015-BANK OF AMERICA CORPORATION.txt;APPROPRIATE;Attributes;4
2015-BANK OF AMERICA CORPORATION.txt;DECEMBER 31;Attributes;2
2015-BANK OF AMERICA CORPORATION.txt;SIGNIFICANT;Attributes;1
2015-BANK OF AMERICA CORPORATION.txt;SUBSTANTIAL;Attributes;2
2015-BANK OF AMERICA CORPORATION.txt;ALTERNATIVE;EconomicOperands;2
2015-BANK OF AMERICA CORPORATION.txt;ANTICIPATED;EconomicOperands;3
2015-BANK OF AMERICA CORPORATION.txt;ASSOCIATION;EconomicOperands;2
2015-BANK OF AMERICA CORPORATION.txt;ASSUMPTIONS;EconomicOperands;3
2015-BANK OF AMERICA CORPORATION.txt;COMBINATION;EconomicOperands;1
2015-BANK OF AMERICA CORPORATION.txt;COMPOSITION;EconomicOperands;1
2015-BANK OF AMERICA CORPORATION.txt;CONNECTIONS;EconomicOperands;2
2015-BANK OF AMERICA CORPORATION.txt;CONSTITUTES;EconomicOperands;1
2015-BANK OF AMERICA CORPORATION.txt;CONSTRAINTS;EconomicOperands;2
2015-BANK OF AMERICA CORPORATION.txt;CONTRACTUAL;EconomicOperands;3
2015-BANK OF AMERICA CORPORATION.txt;COOPERATION;EconomicOperands;1
2015-BANK OF AMERICA CORPORATION.txt;CORPORATION;EconomicOperands;1
2015-BANK OF AMERICA CORPORATION.txt;DEFINITIONS;EconomicOperands;1
2015-BANK OF AMERICA CORPORATION.txt;DEMONSTRATE;EconomicOperands;3
2015-BANK OF AMERICA CORPORATION.txt;DERIVATIVES;EconomicOperands;20
2015-BANK OF AMERICA CORPORATION.txt;DEVELOPMENT;EconomicOperands;2
2015-BANK OF AMERICA CORPORATION.txt;DIVESTITURE;EconomicOperands;4
2015-BANK OF AMERICA CORPORATION.txt;ENHANCEMENT;EconomicOperands;1
2015-BANK OF AMERICA CORPORATION.txt;FLEXIBILITY;EconomicOperands;1
2015-BANK OF AMERICA CORPORATION.txt;IDENTIFYING;EconomicOperands;2
2015-BANK OF AMERICA CORPORATION.txt;IMPEDIMENTS;EconomicOperands;1
2015-BANK OF AMERICA CORPORATION.txt;IMPROVEMENT;EconomicOperands;1
2015-BANK OF AMERICA CORPORATION.txt;INFORMATION;EconomicOperands;11
2015-BANK OF AMERICA CORPORATION.txt;INITIATIVES;EconomicOperands;2
2015-BANK OF AMERICA CORPORATION.txt;MAINTAINING;EconomicOperands;2
2015-BANK OF AMERICA CORPORATION.txt;OBLIGATIONS;EconomicOperands;2
2015-BANK OF AMERICA CORPORATION.txt;OPERATIONAL;EconomicOperands;2
2015-BANK OF AMERICA CORPORATION.txt;OUTSTANDING;EconomicOperands;2
2015-BANK OF AMERICA CORPORATION.txt;PREPARATION;EconomicOperands;2
2015-BANK OF AMERICA CORPORATION.txt;REMEDIATION;EconomicOperands;1
2015-BANK OF AMERICA CORPORATION.txt;SPECIFICITY;EconomicOperands;5
2015-BANK OF AMERICA CORPORATION.txt;SUBMISSIONS;EconomicOperands;4
2015-BANK OF AMERICA CORPORATION.txt;SUPERVISORY;EconomicOperands;1
2015-BANK OF AMERICA CORPORATION.txt;UNCERTAINTY;EconomicOperands;1
2015-BANK OF AMERICA CORPORATION.txt;PURSUANT TO;FunctionWords;2
2015-BANK OF AMERICA CORPORATION.txt;EXCLUSIVELY;LogicalConnectors;1
2015-BANK OF AMERICA CORPORATION.txt;IN ADDITION;LogicalConnectors;3
2015-BANK OF AMERICA CORPORATION.txt;LONGER THAN;LogicalConnectors;2
2015-BANK OF AMERICA CORPORATION.txt;OR AT LEAST;LogicalConnectors;1
2015-BANK OF AMERICA CORPORATION.txt;RELATIVE TO;LogicalConnectors;1
2015-BANK OF AMERICA CORPORATION.txt;RELIED UPON;Other;1
2015-BANK OF AMERICA CORPORATION.txt;ESTABLISHED;RegulatoryOperators;2
2015-BANK OF AMERICA CORPORATION.txt;IMPLEMENTED;RegulatoryOperators;6
2015-BANK OF AMERICA CORPORATION.txt;ACCEPTABLE;Attributes;3
2015-BANK OF AMERICA CORPORATION.txt;ADEQUATELY;Attributes;1
2015-BANK OF AMERICA CORPORATION.txt;CONSISTENT;Attributes;5
2015-BANK OF AMERICA CORPORATION.txt;SUFFICIENT;Attributes;6
2015-BANK OF AMERICA CORPORATION.txt;ACTIVITIES;EconomicOperands;5
2015-BANK OF AMERICA CORPORATION.txt;ADDRESSING;EconomicOperands;2
2015-BANK OF AMERICA CORPORATION.txt;AFFILIATES;EconomicOperands;1
2015-BANK OF AMERICA CORPORATION.txt;AGREEMENTS;EconomicOperands;2
2015-BANK OF AMERICA CORPORATION.txt;APPROACHES;EconomicOperands;1
2015-BANK OF AMERICA CORPORATION.txt;ASSOCIATED;EconomicOperands;1
2015-BANK OF AMERICA CORPORATION.txt;BACKGROUND;EconomicOperands;1
2015-BANK OF AMERICA CORPORATION.txt;BANKRUPTCY;EconomicOperands;20
2015-BANK OF AMERICA CORPORATION.txt;CHALLENGES;EconomicOperands;6
2015-BANK OF AMERICA CORPORATION.txt;CLARIFYING;EconomicOperands;1
2015-BANK OF AMERICA CORPORATION.txt;COLLATERAL;EconomicOperands;3
2015-BANK OF AMERICA CORPORATION.txt;COMPLETION;EconomicOperands;1
2015-BANK OF AMERICA CORPORATION.txt;COMPLEXITY;EconomicOperands;1
2015-BANK OF AMERICA CORPORATION.txt;CONCLUSION;EconomicOperands;1
2015-BANK OF AMERICA CORPORATION.txt;CONDITIONS;EconomicOperands;2
2015-BANK OF AMERICA CORPORATION.txt;CONFIDENCE;EconomicOperands;1
2015-BANK OF AMERICA CORPORATION.txt;DEFICIENCY;EconomicOperands;8
2015-BANK OF AMERICA CORPORATION.txt;DEFINITION;EconomicOperands;4
2015-BANK OF AMERICA CORPORATION.txt;DERIVATIVE;EconomicOperands;6
2015-BANK OF AMERICA CORPORATION.txt;DESCRIBING;EconomicOperands;1
2015-BANK OF AMERICA CORPORATION.txt;DEVELOPING;EconomicOperands;3
2015-BANK OF AMERICA CORPORATION.txt;DISRUPTION;EconomicOperands;1
2015-BANK OF AMERICA CORPORATION.txt;EXPLICITLY;EconomicOperands;2
2015-BANK OF AMERICA CORPORATION.txt;FACILITATE;EconomicOperands;6
2015-BANK OF AMERICA CORPORATION.txt;GOVERNANCE;EconomicOperands;11
2015-BANK OF AMERICA CORPORATION.txt;IDENTIFIES;EconomicOperands;1
2015-BANK OF AMERICA CORPORATION.txt;INCREASING;EconomicOperands;1
2015-BANK OF AMERICA CORPORATION.txt;MAINTAINED;EconomicOperands;2
2015-BANK OF AMERICA CORPORATION.txt;MANAGEMENT;EconomicOperands;4
2015-BANK OF AMERICA CORPORATION.txt;MEANINGFUL;EconomicOperands;3
2015-BANK OF AMERICA CORPORATION.txt;MECHANISMS;EconomicOperands;5
2015-BANK OF AMERICA CORPORATION.txt;OPERATIONS;EconomicOperands;5
2015-BANK OF AMERICA CORPORATION.txt;PORTFOLIOS;EconomicOperands;4
2015-BANK OF AMERICA CORPORATION.txt;PROCEDURES;EconomicOperands;1
2015-BANK OF AMERICA CORPORATION.txt;REGULATION;EconomicOperands;1
2015-BANK OF AMERICA CORPORATION.txt;REGULATORY;EconomicOperands;1
2015-BANK OF AMERICA CORPORATION.txt;RESOLUTION;EconomicOperands;47
2015-BANK OF AMERICA CORPORATION.txt;STRATEGIES;EconomicOperands;1
2015-BANK OF AMERICA CORPORATION.txt;STRENGTHEN;EconomicOperands;1
2015-BANK OF AMERICA CORPORATION.txt;SUBMISSION;EconomicOperands;21
2015-BANK OF AMERICA CORPORATION.txt;SUBSIDIARY;EconomicOperands;2
2015-BANK OF AMERICA CORPORATION.txt;SUCCESSFUL;EconomicOperands;1
2015-BANK OF AMERICA CORPORATION.txt;SUPPLEMENT;EconomicOperands;1
2015-BANK OF AMERICA CORPORATION.txt;SUPPORTING;EconomicOperands;1
2015-BANK OF AMERICA CORPORATION.txt;UNDERSTAND;EconomicOperands;1
2015-BANK OF AMERICA CORPORATION.txt;IDENTIFIED;FunctionWords;19
2015-BANK OF AMERICA CORPORATION.txt;IN GENERAL;FunctionWords;1
2015-BANK OF AMERICA CORPORATION.txt;THROUGHOUT;FunctionWords;2
2015-BANK OF AMERICA CORPORATION.txt;SECTION 5B;LegalReferences;1
2015-BANK OF AMERICA CORPORATION.txt;SECTION 5C;LegalReferences;1
2015-BANK OF AMERICA CORPORATION.txt;AS WELL AS;LogicalConnectors;1
2015-BANK OF AMERICA CORPORATION.txt;CONCERNING;LogicalConnectors;1
2015-BANK OF AMERICA CORPORATION.txt;LATER THAN;LogicalConnectors;1
2015-BANK OF AMERICA CORPORATION.txt;SUBJECT TO;LogicalConnectors;1
2015-BANK OF AMERICA CORPORATION.txt;ADDITIONAL;MathematicalOperators;3
2015-BANK OF AMERICA CORPORATION.txt;DESIGNATED;RegulatoryOperators;1
2015-BANK OF AMERICA CORPORATION.txt;DETERMINED;RegulatoryOperators;3
2015-BANK OF AMERICA CORPORATION.txt;12 MONTHS;Attributes;2
2015-BANK OF AMERICA CORPORATION.txt;18 MONTHS;Attributes;2
2015-BANK OF AMERICA CORPORATION.txt;NECESSARY;Attributes;3
2015-BANK OF AMERICA CORPORATION.txt;NO LONGER;Attributes;2
2015-BANK OF AMERICA CORPORATION.txt;STRINGENT;Attributes;1
2015-BANK OF AMERICA CORPORATION.txt;ADDRESSED;EconomicOperands;6
2015-BANK OF AMERICA CORPORATION.txt;ADVERSELY;EconomicOperands;1
2015-BANK OF AMERICA CORPORATION.txt;AFFILIATE;EconomicOperands;6
2015-BANK OF AMERICA CORPORATION.txt;AGGREGATE;EconomicOperands;1
2015-BANK OF AMERICA CORPORATION.txt;AGREEMENT;EconomicOperands;2
2015-BANK OF AMERICA CORPORATION.txt;AVAILABLE;EconomicOperands;8
2015-BANK OF AMERICA CORPORATION.txt;BENCHMARK;EconomicOperands;1
2015-BANK OF AMERICA CORPORATION.txt;BROKERAGE;EconomicOperands;1
2015-BANK OF AMERICA CORPORATION.txt;COMMENCED;EconomicOperands;1
2015-BANK OF AMERICA CORPORATION.txt;COMPANIES;EconomicOperands;2
2015-BANK OF AMERICA CORPORATION.txt;COMPLETED;EconomicOperands;2
2015-BANK OF AMERICA CORPORATION.txt;CONSIDERS;EconomicOperands;3
2015-BANK OF AMERICA CORPORATION.txt;CONTAINED;EconomicOperands;1
2015-BANK OF AMERICA CORPORATION.txt;CONTRACTS;EconomicOperands;2
2015-BANK OF AMERICA CORPORATION.txt;CORPORATE;EconomicOperands;2
2015-BANK OF AMERICA CORPORATION.txt;CURRENTLY;EconomicOperands;1
2015-BANK OF AMERICA CORPORATION.txt;DEVELOPED;EconomicOperands;1
2015-BANK OF AMERICA CORPORATION.txt;DIRECTORS;EconomicOperands;2
2015-BANK OF AMERICA CORPORATION.txt;DISCUSSED;EconomicOperands;1
2015-BANK OF AMERICA CORPORATION.txt;EMERGENCY;EconomicOperands;1
2015-BANK OF AMERICA CORPORATION.txt;ESTIMATES;EconomicOperands;10
2015-BANK OF AMERICA CORPORATION.txt;EXECUTION;EconomicOperands;4
2015-BANK OF AMERICA CORPORATION.txt;EXPOSURES;EconomicOperands;3
2015-BANK OF AMERICA CORPORATION.txt;FINANCIAL;EconomicOperands;8
2015-BANK OF AMERICA CORPORATION.txt;IMPORTANT;EconomicOperands;2
2015-BANK OF AMERICA CORPORATION.txt;IMPROVING;EconomicOperands;2
2015-BANK OF AMERICA CORPORATION.txt;INABILITY;EconomicOperands;1
2015-BANK OF AMERICA CORPORATION.txt;KNOWLEDGE;EconomicOperands;1
2015-BANK OF AMERICA CORPORATION.txt;LIQUIDITY;EconomicOperands;48
2015-BANK OF AMERICA CORPORATION.txt;MECHANISM;EconomicOperands;2
2015-BANK OF AMERICA CORPORATION.txt;OBTAINING;EconomicOperands;1
2015-BANK OF AMERICA CORPORATION.txt;OPERATING;EconomicOperands;5
2015-BANK OF AMERICA CORPORATION.txt;PORTFOLIO;EconomicOperands;3
2015-BANK OF AMERICA CORPORATION.txt;POSITIONS;EconomicOperands;4
2015-BANK OF AMERICA CORPORATION.txt;POTENTIAL;EconomicOperands;8
2015-BANK OF AMERICA CORPORATION.txt;PREFERRED;EconomicOperands;1
2015-BANK OF AMERICA CORPORATION.txt;PROCESSES;EconomicOperands;1
2015-BANK OF AMERICA CORPORATION.txt;PROJECTED;EconomicOperands;2
2015-BANK OF AMERICA CORPORATION.txt;PROVIDING;EconomicOperands;1
2015-BANK OF AMERICA CORPORATION.txt;PROVISION;EconomicOperands;2
2015-BANK OF AMERICA CORPORATION.txt;QUESTIONS;EconomicOperands;1
2015-BANK OF AMERICA CORPORATION.txt;REDUCTION;EconomicOperands;1
2015-BANK OF AMERICA CORPORATION.txt;REPORTING;EconomicOperands;3
2015-BANK OF AMERICA CORPORATION.txt;RESOURCES;EconomicOperands;5
2015-BANK OF AMERICA CORPORATION.txt;REVIEWING;EconomicOperands;1
2015-BANK OF AMERICA CORPORATION.txt;SCHEDULES;EconomicOperands;3
2015-BANK OF AMERICA CORPORATION.txt;STRUCTURE;EconomicOperands;5
2015-BANK OF AMERICA CORPORATION.txt;SUBMITTED;EconomicOperands;2
2015-BANK OF AMERICA CORPORATION.txt;SUPPORTED;EconomicOperands;1
2015-BANK OF AMERICA CORPORATION.txt;SUSTAINED;EconomicOperands;1
2015-BANK OF AMERICA CORPORATION.txt;UNCLEARED;EconomicOperands;1
2015-BANK OF AMERICA CORPORATION.txt;UNIVERSAL;EconomicOperands;1
2015-BANK OF AMERICA CORPORATION.txt;WHOLESALE;EconomicOperands;1
2015-BANK OF AMERICA CORPORATION.txt;WIND DOWN;EconomicOperands;3
2015-BANK OF AMERICA CORPORATION.txt;DIFFERENT;FunctionWords;2
2015-BANK OF AMERICA CORPORATION.txt;FOLLOWING;FunctionWords;2
2015-BANK OF AMERICA CORPORATION.txt;GENERALLY;FunctionWords;2
2015-BANK OF AMERICA CORPORATION.txt;SECTION 6;LegalReferences;1
2015-BANK OF AMERICA CORPORATION.txt;INCLUDING;LogicalConnectors;11
2015-BANK OF AMERICA CORPORATION.txt;OTHERWISE;LogicalConnectors;1
2015-BANK OF AMERICA CORPORATION.txt;REGARDING;LogicalConnectors;14
2015-BANK OF AMERICA CORPORATION.txt;DESCRIBED;Other;1
2015-BANK OF AMERICA CORPORATION.txt;EFFECTIVE;Other;1
2015-BANK OF AMERICA CORPORATION.txt;LISTED IN;Other;2
2015-BANK OF AMERICA CORPORATION.txt;DETERMINE;RegulatoryOperators;6
2015-BANK OF AMERICA CORPORATION.txt;ESTABLISH;RegulatoryOperators;1
2015-BANK OF AMERICA CORPORATION.txt;SATISFIES;RegulatoryOperators;3
2015-BANK OF AMERICA CORPORATION.txt;SET FORTH;RegulatoryOperators;1
2015-BANK OF AMERICA CORPORATION.txt;SPECIFIED;RegulatoryOperators;1
2015-BANK OF AMERICA CORPORATION.txt;CREDIBLE;Attributes;5
2015-BANK OF AMERICA CORPORATION.txt;DIRECTLY;Attributes;2
2015-BANK OF AMERICA CORPORATION.txt;MARCH 31;Attributes;2
2015-BANK OF AMERICA CORPORATION.txt;RELEVANT;Attributes;4
2015-BANK OF AMERICA CORPORATION.txt;ADEQUACY;EconomicOperands;1
2015-BANK OF AMERICA CORPORATION.txt;AGENCIES;EconomicOperands;42
2015-BANK OF AMERICA CORPORATION.txt;ANALYSIS;EconomicOperands;9
2015-BANK OF AMERICA CORPORATION.txt;APPENDIX;EconomicOperands;13
2015-BANK OF AMERICA CORPORATION.txt;APPROACH;EconomicOperands;3
2015-BANK OF AMERICA CORPORATION.txt;ASSESSED;EconomicOperands;1
2015-BANK OF AMERICA CORPORATION.txt;BRANCHES;EconomicOperands;1
2015-BANK OF AMERICA CORPORATION.txt;BUSINESS;EconomicOperands;4
2015-BANK OF AMERICA CORPORATION.txt;CATEGORY;EconomicOperands;1
2015-BANK OF AMERICA CORPORATION.txt;CLEARING;EconomicOperands;1
2015-BANK OF AMERICA CORPORATION.txt;COMMENCE;EconomicOperands;4
2015-BANK OF AMERICA CORPORATION.txt;COMPLETE;EconomicOperands;1
2015-BANK OF AMERICA CORPORATION.txt;COMPLIED;EconomicOperands;1
2015-BANK OF AMERICA CORPORATION.txt;CONSENTS;EconomicOperands;1
2015-BANK OF AMERICA CORPORATION.txt;CONSIDER;EconomicOperands;2
2015-BANK OF AMERICA CORPORATION.txt;CONTINUE;EconomicOperands;1
2015-BANK OF AMERICA CORPORATION.txt;COSTS OF;EconomicOperands;1
2015-BANK OF AMERICA CORPORATION.txt;CREATION;EconomicOperands;1
2015-BANK OF AMERICA CORPORATION.txt;CRITERIA;EconomicOperands;10
2015-BANK OF AMERICA CORPORATION.txt;CRITICAL;EconomicOperands;3
2015-BANK OF AMERICA CORPORATION.txt;DECISION;EconomicOperands;1
2015-BANK OF AMERICA CORPORATION.txt;DEPOSITS;EconomicOperands;1
2015-BANK OF AMERICA CORPORATION.txt;DETAILED;EconomicOperands;4
2015-BANK OF AMERICA CORPORATION.txt;DISCLOSE;EconomicOperands;1
2015-BANK OF AMERICA CORPORATION.txt;DISTRESS;EconomicOperands;1
2015-BANK OF AMERICA CORPORATION.txt;DOCUMENT;EconomicOperands;1
2015-BANK OF AMERICA CORPORATION.txt;DOMESTIC;EconomicOperands;1
2015-BANK OF AMERICA CORPORATION.txt;DURATION;EconomicOperands;2
2015-BANK OF AMERICA CORPORATION.txt;ELEMENTS;EconomicOperands;2
2015-BANK OF AMERICA CORPORATION.txt;ELIGIBLE;EconomicOperands;1
2015-BANK OF AMERICA CORPORATION.txt;ENHANCED;EconomicOperands;2
2015-BANK OF AMERICA CORPORATION.txt;ENTITIES;EconomicOperands;35
2015-BANK OF AMERICA CORPORATION.txt;ESTIMATE;EconomicOperands;4
2015-BANK OF AMERICA CORPORATION.txt;EXCHANGE;EconomicOperands;1
2015-BANK OF AMERICA CORPORATION.txt;EXISTING;EconomicOperands;1
2015-BANK OF AMERICA CORPORATION.txt;EXPECTED;EconomicOperands;3
2015-BANK OF AMERICA CORPORATION.txt;EXPENSES;EconomicOperands;1
2015-BANK OF AMERICA CORPORATION.txt;EXPLAINS;EconomicOperands;1
2015-BANK OF AMERICA CORPORATION.txt;FUNCTION;EconomicOperands;1
2015-BANK OF AMERICA CORPORATION.txt;GUIDANCE;EconomicOperands;10
2015-BANK OF AMERICA CORPORATION.txt;IDENTIFY;EconomicOperands;2
2015-BANK OF AMERICA CORPORATION.txt;IMPROVED;EconomicOperands;2
2015-BANK OF AMERICA CORPORATION.txt;INCLUDED;EconomicOperands;9
2015-BANK OF AMERICA CORPORATION.txt;INDICATE;EconomicOperands;2
2015-BANK OF AMERICA CORPORATION.txt;INSTANCE;EconomicOperands;2
2015-BANK OF AMERICA CORPORATION.txt;INTERNAL;EconomicOperands;1
2015-BANK OF AMERICA CORPORATION.txt;LEVERAGE;EconomicOperands;1
2015-BANK OF AMERICA CORPORATION.txt;MATERIAL;EconomicOperands;40
2015-BANK OF AMERICA CORPORATION.txt;MATURITY;EconomicOperands;1
2015-BANK OF AMERICA CORPORATION.txt;MOVEMENT;EconomicOperands;1
2015-BANK OF AMERICA CORPORATION.txt;MULTIPLE;EconomicOperands;1
2015-BANK OF AMERICA CORPORATION.txt;NATIONAL;EconomicOperands;1
2015-BANK OF AMERICA CORPORATION.txt;NOTIONAL;EconomicOperands;6
2015-BANK OF AMERICA CORPORATION.txt;OPTIONAL;EconomicOperands;3
2015-BANK OF AMERICA CORPORATION.txt;OUTLINED;EconomicOperands;1
2015-BANK OF AMERICA CORPORATION.txt;PLANNING;EconomicOperands;1
2015-BANK OF AMERICA CORPORATION.txt;POSITION;EconomicOperands;6
2015-BANK OF AMERICA CORPORATION.txt;POSITIVE;EconomicOperands;8
2015-BANK OF AMERICA CORPORATION.txt;PRECLUDE;EconomicOperands;2
2015-BANK OF AMERICA CORPORATION.txt;PREPARED;EconomicOperands;1
2015-BANK OF AMERICA CORPORATION.txt;PRIORITY;EconomicOperands;1
2015-BANK OF AMERICA CORPORATION.txt;PROGRESS;EconomicOperands;4
2015-BANK OF AMERICA CORPORATION.txt;PROMOTES;EconomicOperands;1
2015-BANK OF AMERICA CORPORATION.txt;PROPOSED;EconomicOperands;2
2015-BANK OF AMERICA CORPORATION.txt;PURPOSES;EconomicOperands;1
2015-BANK OF AMERICA CORPORATION.txt;RECEIVED;EconomicOperands;4
2015-BANK OF AMERICA CORPORATION.txt;REDACTED;EconomicOperands;14
2015-BANK OF AMERICA CORPORATION.txt;REDUCING;EconomicOperands;1
2015-BANK OF AMERICA CORPORATION.txt;REPORTED;EconomicOperands;10
2015-BANK OF AMERICA CORPORATION.txt;RESERVES;EconomicOperands;1
2015-BANK OF AMERICA CORPORATION.txt;RESIDUAL;EconomicOperands;1
2015-BANK OF AMERICA CORPORATION.txt;RESPONSE;EconomicOperands;1
2015-BANK OF AMERICA CORPORATION.txt;REVIEWED;EconomicOperands;2
2015-BANK OF AMERICA CORPORATION.txt;SCHEDULE;EconomicOperands;6
2015-BANK OF AMERICA CORPORATION.txt;SEPARATE;EconomicOperands;3
2015-BANK OF AMERICA CORPORATION.txt;SERVICES;EconomicOperands;2
2015-BANK OF AMERICA CORPORATION.txt;SIMPLIFY;EconomicOperands;1
2015-BANK OF AMERICA CORPORATION.txt;STRATEGY;EconomicOperands;9
2015-BANK OF AMERICA CORPORATION.txt;TRACKING;EconomicOperands;1
2015-BANK OF AMERICA CORPORATION.txt;TRANSFER;EconomicOperands;1
2015-BANK OF AMERICA CORPORATION.txt;DOES NOT;FunctionWords;5
2015-BANK OF AMERICA CORPORATION.txt;SPECIFIC;FunctionWords;2
2015-BANK OF AMERICA CORPORATION.txt;TOGETHER;FunctionWords;1
2015-BANK OF AMERICA CORPORATION.txt;TITLE 11;LegalReferences;1
2015-BANK OF AMERICA CORPORATION.txt;AT LEAST;LogicalConnectors;1
2015-BANK OF AMERICA CORPORATION.txt;NOT ONLY;LogicalConnectors;1
2015-BANK OF AMERICA CORPORATION.txt;PROVIDED;LogicalConnectors;10
2015-BANK OF AMERICA CORPORATION.txt;NEGATIVE;MathematicalOperators;8
2015-BANK OF AMERICA CORPORATION.txt;BASED ON;Other;4
2015-BANK OF AMERICA CORPORATION.txt;DESCRIBE;Other;1
2015-BANK OF AMERICA CORPORATION.txt;DIRECTED;RegulatoryOperators;2
2015-BANK OF AMERICA CORPORATION.txt;REQUIRED;RegulatoryOperators;9
2015-BANK OF AMERICA CORPORATION.txt;REQUIRES;RegulatoryOperators;1
2015-BANK OF AMERICA CORPORATION.txt;30 DAYS;Attributes;1
2015-BANK OF AMERICA CORPORATION.txt;APRIL 1;Attributes;1
2015-BANK OF AMERICA CORPORATION.txt;EARLIER;Attributes;1
2015-BANK OF AMERICA CORPORATION.txt;SHORTER;Attributes;2
2015-BANK OF AMERICA CORPORATION.txt;ABILITY;EconomicOperands;10
2015-BANK OF AMERICA CORPORATION.txt;ACCOUNT;EconomicOperands;2
2015-BANK OF AMERICA CORPORATION.txt;ACHIEVE;EconomicOperands;1
2015-BANK OF AMERICA CORPORATION.txt;ACQUIRE;EconomicOperands;1
2015-BANK OF AMERICA CORPORATION.txt;ACTIONS;EconomicOperands;16
2015-BANK OF AMERICA CORPORATION.txt;ADDRESS;EconomicOperands;12
2015-BANK OF AMERICA CORPORATION.txt;ADVERSE;EconomicOperands;1
2015-BANK OF AMERICA CORPORATION.txt;ADVISED;EconomicOperands;1
2015-BANK OF AMERICA CORPORATION.txt;AMOUNTS;EconomicOperands;1
2015-BANK OF AMERICA CORPORATION.txt;APPLIED;EconomicOperands;1
2015-BANK OF AMERICA CORPORATION.txt;ASPECTS;EconomicOperands;2
2015-BANK OF AMERICA CORPORATION.txt;BALANCE;EconomicOperands;3
2015-BANK OF AMERICA CORPORATION.txt;BANKING;EconomicOperands;2
2015-BANK OF AMERICA CORPORATION.txt;BINDING;EconomicOperands;1
2015-BANK OF AMERICA CORPORATION.txt;CAPITAL;EconomicOperands;11
2015-BANK OF AMERICA CORPORATION.txt;CAPTURE;EconomicOperands;7
2015-BANK OF AMERICA CORPORATION.txt;CENTRAL;EconomicOperands;4
2015-BANK OF AMERICA CORPORATION.txt;CHANGES;EconomicOperands;1
2015-BANK OF AMERICA CORPORATION.txt;CLEARED;EconomicOperands;5
2015-BANK OF AMERICA CORPORATION.txt;CLEARLY;EconomicOperands;2
2015-BANK OF AMERICA CORPORATION.txt;COMPANY;EconomicOperands;8
2015-BANK OF AMERICA CORPORATION.txt;COMPLEX;EconomicOperands;3
2015-BANK OF AMERICA CORPORATION.txt;CONTACT;EconomicOperands;1
2015-BANK OF AMERICA CORPORATION.txt;CONTAIN;EconomicOperands;1
2015-BANK OF AMERICA CORPORATION.txt;COVERED;EconomicOperands;2
2015-BANK OF AMERICA CORPORATION.txt;DECIDED;EconomicOperands;1
2015-BANK OF AMERICA CORPORATION.txt;DEFICIT;EconomicOperands;4
2015-BANK OF AMERICA CORPORATION.txt;DEVELOP;EconomicOperands;2
2015-BANK OF AMERICA CORPORATION.txt;ENHANCE;EconomicOperands;1
2015-BANK OF AMERICA CORPORATION.txt;EXECUTE;EconomicOperands;5
2015-BANK OF AMERICA CORPORATION.txt;EXHAUST;EconomicOperands;1
2015-BANK OF AMERICA CORPORATION.txt;EXPLAIN;EconomicOperands;2
2015-BANK OF AMERICA CORPORATION.txt;FAILURE;EconomicOperands;4
2015-BANK OF AMERICA CORPORATION.txt;FEATURE;EconomicOperands;2
2015-BANK OF AMERICA CORPORATION.txt;FUNDING;EconomicOperands;8
2015-BANK OF AMERICA CORPORATION.txt;HOLDING;EconomicOperands;2
2015-BANK OF AMERICA CORPORATION.txt;IMPACTS;EconomicOperands;8
2015-BANK OF AMERICA CORPORATION.txt;IMPROVE;EconomicOperands;5
2015-BANK OF AMERICA CORPORATION.txt;INCLUDE;EconomicOperands;16
2015-BANK OF AMERICA CORPORATION.txt;INHIBIT;EconomicOperands;1
2015-BANK OF AMERICA CORPORATION.txt;INITIAL;EconomicOperands;1
2015-BANK OF AMERICA CORPORATION.txt;INTERIM;EconomicOperands;1
2015-BANK OF AMERICA CORPORATION.txt;MEASURE;EconomicOperands;2
2015-BANK OF AMERICA CORPORATION.txt;METRICS;EconomicOperands;1
2015-BANK OF AMERICA CORPORATION.txt;NETTING;EconomicOperands;2
2015-BANK OF AMERICA CORPORATION.txt;ONGOING;EconomicOperands;1
2015-BANK OF AMERICA CORPORATION.txt;OPERATE;EconomicOperands;2
2015-BANK OF AMERICA CORPORATION.txt;OPTIONS;EconomicOperands;4
2015-BANK OF AMERICA CORPORATION.txt;ORDERLY;EconomicOperands;8
2015-BANK OF AMERICA CORPORATION.txt;PERFORM;EconomicOperands;2
2015-BANK OF AMERICA CORPORATION.txt;PLANNED;EconomicOperands;4
2015-BANK OF AMERICA CORPORATION.txt;PORTION;EconomicOperands;2
2015-BANK OF AMERICA CORPORATION.txt;PROCESS;EconomicOperands;7
2015-BANK OF AMERICA CORPORATION.txt;PRODUCT;EconomicOperands;1
2015-BANK OF AMERICA CORPORATION.txt;PROFILE;EconomicOperands;3
2015-BANK OF AMERICA CORPORATION.txt;PROJECT;EconomicOperands;5
2015-BANK OF AMERICA CORPORATION.txt;PROMOTE;EconomicOperands;2
2015-BANK OF AMERICA CORPORATION.txt;PROVIDE;EconomicOperands;14
2015-BANK OF AMERICA CORPORATION.txt;PURPOSE;EconomicOperands;1
2015-BANK OF AMERICA CORPORATION.txt;QUALITY;EconomicOperands;1
2015-BANK OF AMERICA CORPORATION.txt;READILY;EconomicOperands;3
2015-BANK OF AMERICA CORPORATION.txt;REDUCED;EconomicOperands;1
2015-BANK OF AMERICA CORPORATION.txt;REFLECT;EconomicOperands;2
2015-BANK OF AMERICA CORPORATION.txt;RELEASE;EconomicOperands;1
2015-BANK OF AMERICA CORPORATION.txt;REMAINS;EconomicOperands;1
2015-BANK OF AMERICA CORPORATION.txt;RESPOND;EconomicOperands;2
2015-BANK OF AMERICA CORPORATION.txt;REVISED;EconomicOperands;1
2015-BANK OF AMERICA CORPORATION.txt;SATISFY;EconomicOperands;1
2015-BANK OF AMERICA CORPORATION.txt;SEGMENT;EconomicOperands;1
2015-BANK OF AMERICA CORPORATION.txt;SUPPORT;EconomicOperands;13
2015-BANK OF AMERICA CORPORATION.txt;SURPLUS;EconomicOperands;2
2015-BANK OF AMERICA CORPORATION.txt;TRADING;EconomicOperands;6
2015-BANK OF AMERICA CORPORATION.txt;UTILIZE;EconomicOperands;5
2015-BANK OF AMERICA CORPORATION.txt;VOLUMES;EconomicOperands;1
2015-BANK OF AMERICA CORPORATION.txt;WORKING;EconomicOperands;1
2015-BANK OF AMERICA CORPORATION.txt;WRITTEN;EconomicOperands;1
2015-BANK OF AMERICA CORPORATION.txt;AGAINST;FunctionWords;2
2015-BANK OF AMERICA CORPORATION.txt;BETWEEN;FunctionWords;3
2015-BANK OF AMERICA CORPORATION.txt;CERTAIN;FunctionWords;3
2015-BANK OF AMERICA CORPORATION.txt;CURRENT;FunctionWords;1
2015-BANK OF AMERICA CORPORATION.txt;FAILING;FunctionWords;1
2015-BANK OF AMERICA CORPORATION.txt;GENERAL;FunctionWords;1
2015-BANK OF AMERICA CORPORATION.txt;MATTERS;FunctionWords;2
2015-BANK OF AMERICA CORPORATION.txt;RELATED;FunctionWords;5
2015-BANK OF AMERICA CORPORATION.txt;SEVERAL;FunctionWords;2
2015-BANK OF AMERICA CORPORATION.txt;THROUGH;FunctionWords;2
2015-BANK OF AMERICA CORPORATION.txt;WITHOUT;FunctionWords;3
2015-BANK OF AMERICA CORPORATION.txt;SECTION;LegalReferences;5
2015-BANK OF AMERICA CORPORATION.txt;TITLE 1;LegalReferences;3
2015-BANK OF AMERICA CORPORATION.txt;JOINTLY;LogicalConnectors;14
2015-BANK OF AMERICA CORPORATION.txt;BECAUSE;LogicalConnectors;1
2015-BANK OF AMERICA CORPORATION.txt;FURTHER;LogicalConnectors;4
2015-BANK OF AMERICA CORPORATION.txt;GREATER;LogicalConnectors;1
2015-BANK OF AMERICA CORPORATION.txt;HOWEVER;LogicalConnectors;2
2015-BANK OF AMERICA CORPORATION.txt;OVERALL;LogicalConnectors;1
2015-BANK OF AMERICA CORPORATION.txt;SUCH AS;LogicalConnectors;1
2015-BANK OF AMERICA CORPORATION.txt;THAT IS;LogicalConnectors;1
2015-BANK OF AMERICA CORPORATION.txt;THEREBY;LogicalConnectors;1
2015-BANK OF AMERICA CORPORATION.txt;WHETHER;LogicalConnectors;3
2015-BANK OF AMERICA CORPORATION.txt;AUGMENT;MathematicalOperators;1
2015-BANK OF AMERICA CORPORATION.txt;MINIMUM;MathematicalOperators;4
2015-BANK OF AMERICA CORPORATION.txt;CONTENT;Other;1
2015-BANK OF AMERICA CORPORATION.txt;STATUTE;Other;2
2015-BANK OF AMERICA CORPORATION.txt;THEREIN;Other;1
2015-BANK OF AMERICA CORPORATION.txt;LIMITED;RegulatoryOperators;1
2015-BANK OF AMERICA CORPORATION.txt;AMENDED;RegulatoryOperators;1
2015-BANK OF AMERICA CORPORATION.txt;REQUIRE;RegulatoryOperators;1
2015-BANK OF AMERICA CORPORATION.txt;TIMELY;Attributes;3
2015-BANK OF AMERICA CORPORATION.txt;ACCESS;EconomicOperands;1
2015-BANK OF AMERICA CORPORATION.txt;ACTION;EconomicOperands;3
2015-BANK OF AMERICA CORPORATION.txt;ACTIVE;EconomicOperands;4
2015-BANK OF AMERICA CORPORATION.txt;AFFECT;EconomicOperands;1
2015-BANK OF AMERICA CORPORATION.txt;AMOUNT;EconomicOperands;1
2015-BANK OF AMERICA CORPORATION.txt;ANNUAL;EconomicOperands;3
2015-BANK OF AMERICA CORPORATION.txt;ASSESS;EconomicOperands;1
2015-BANK OF AMERICA CORPORATION.txt;ASSETS;EconomicOperands;2
2015-BANK OF AMERICA CORPORATION.txt;ASSIST;EconomicOperands;1
2015-BANK OF AMERICA CORPORATION.txt;ASSUME;EconomicOperands;1
2015-BANK OF AMERICA CORPORATION.txt;BRANCH;EconomicOperands;1
2015-BANK OF AMERICA CORPORATION.txt;DECIDE;EconomicOperands;2
2015-BANK OF AMERICA CORPORATION.txt;DETAIL;EconomicOperands;1
2015-BANK OF AMERICA CORPORATION.txt;ENABLE;EconomicOperands;2
2015-BANK OF AMERICA CORPORATION.txt;ENDING;EconomicOperands;3
2015-BANK OF AMERICA CORPORATION.txt;ENTITY;EconomicOperands;23
2015-BANK OF AMERICA CORPORATION.txt;FACTOR;EconomicOperands;3
2015-BANK OF AMERICA CORPORATION.txt;FORMAL;EconomicOperands;4
2015-BANK OF AMERICA CORPORATION.txt;FUTURE;EconomicOperands;1
2015-BANK OF AMERICA CORPORATION.txt;GLOBAL;EconomicOperands;2
2015-BANK OF AMERICA CORPORATION.txt;GROWTH;EconomicOperands;1
2015-BANK OF AMERICA CORPORATION.txt;INFORM;EconomicOperands;1
2015-BANK OF AMERICA CORPORATION.txt;ISSUED;EconomicOperands;2
2015-BANK OF AMERICA CORPORATION.txt;ISSUES;EconomicOperands;2
2015-BANK OF AMERICA CORPORATION.txt;LINKED;EconomicOperands;1
2015-BANK OF AMERICA CORPORATION.txt;LOSSES;EconomicOperands;5
2015-BANK OF AMERICA CORPORATION.txt;MARGIN;EconomicOperands;1
2015-BANK OF AMERICA CORPORATION.txt;MARKET;EconomicOperands;4
2015-BANK OF AMERICA CORPORATION.txt;MODELS;EconomicOperands;1
2015-BANK OF AMERICA CORPORATION.txt;MOTION;EconomicOperands;1
2015-BANK OF AMERICA CORPORATION.txt;NATURE;EconomicOperands;1
2015-BANK OF AMERICA CORPORATION.txt;NEEDED;EconomicOperands;9
2015-BANK OF AMERICA CORPORATION.txt;NUMBER;EconomicOperands;6
2015-BANK OF AMERICA CORPORATION.txt;OPTION;EconomicOperands;1
2015-BANK OF AMERICA CORPORATION.txt;PARENT;EconomicOperands;13
2015-BANK OF AMERICA CORPORATION.txt;PERIOD;EconomicOperands;31
2015-BANK OF AMERICA CORPORATION.txt;PLACED;EconomicOperands;2
2015-BANK OF AMERICA CORPORATION.txt;POSTED;EconomicOperands;2
2015-BANK OF AMERICA CORPORATION.txt;PUBLIC;EconomicOperands;2
2015-BANK OF AMERICA CORPORATION.txt;REFERS;EconomicOperands;3
2015-BANK OF AMERICA CORPORATION.txt;RELIED;EconomicOperands;1
2015-BANK OF AMERICA CORPORATION.txt;REMAIN;EconomicOperands;3
2015-BANK OF AMERICA CORPORATION.txt;REMEDY;EconomicOperands;1
2015-BANK OF AMERICA CORPORATION.txt;REPORT;EconomicOperands;5
2015-BANK OF AMERICA CORPORATION.txt;RESULT;EconomicOperands;3
2015-BANK OF AMERICA CORPORATION.txt;RETAIL;EconomicOperands;1
2015-BANK OF AMERICA CORPORATION.txt;REVIEW;EconomicOperands;4
2015-BANK OF AMERICA CORPORATION.txt;SELECT;EconomicOperands;3
2015-BANK OF AMERICA CORPORATION.txt;SEVERE;EconomicOperands;1
2015-BANK OF AMERICA CORPORATION.txt;SHARED;EconomicOperands;1
2015-BANK OF AMERICA CORPORATION.txt;SINGLE;EconomicOperands;1
2015-BANK OF AMERICA CORPORATION.txt;STATED;EconomicOperands;1
2015-BANK OF AMERICA CORPORATION.txt;STATUS;EconomicOperands;1
2015-BANK OF AMERICA CORPORATION.txt;STRESS;EconomicOperands;3
2015-BANK OF AMERICA CORPORATION.txt;SYSTEM;EconomicOperands;2
2015-BANK OF AMERICA CORPORATION.txt;TAKING;EconomicOperands;4
2015-BANK OF AMERICA CORPORATION.txt;THINGS;EconomicOperands;2
2015-BANK OF AMERICA CORPORATION.txt;TRADES;EconomicOperands;1
2015-BANK OF AMERICA CORPORATION.txt;VALUES;EconomicOperands;2
2015-BANK OF AMERICA CORPORATION.txt;ACROSS;FunctionWords;1
2015-BANK OF AMERICA CORPORATION.txt;AROUND;FunctionWords;1
2015-BANK OF AMERICA CORPORATION.txt;BEYOND;FunctionWords;1
2015-BANK OF AMERICA CORPORATION.txt;DURING;FunctionWords;3
2015-BANK OF AMERICA CORPORATION.txt;LISTED;FunctionWords;2
2015-BANK OF AMERICA CORPORATION.txt;VERSUS;FunctionWords;1
2015-BANK OF AMERICA CORPORATION.txt;EITHER;LogicalConnectors;1
2015-BANK OF AMERICA CORPORATION.txt;ENTIRE;LogicalConnectors;1
2015-BANK OF AMERICA CORPORATION.txt;LONGER;LogicalConnectors;1
2015-BANK OF AMERICA CORPORATION.txt;THOUGH;LogicalConnectors;1
2015-BANK OF AMERICA CORPORATION.txt;WITHIN;LogicalConnectors;2
2015-BANK OF AMERICA CORPORATION.txt;FILING;Other;10
2015-BANK OF AMERICA CORPORATION.txt;MANNER;Other;1
2015-BANK OF AMERICA CORPORATION.txt;TABLES;Other;2
2015-BANK OF AMERICA CORPORATION.txt;SHOULD;RegulatoryOperators;62
2015-BANK OF AMERICA CORPORATION.txt;ENSURE;RegulatoryOperators;12
2015-BANK OF AMERICA CORPORATION.txt;DAILY;Attributes;2
2015-BANK OF AMERICA CORPORATION.txt;FIRST;Attributes;1
2015-BANK OF AMERICA CORPORATION.txt;THIRD;Attributes;2
2015-BANK OF AMERICA CORPORATION.txt;AGING;EconomicOperands;1
2015-BANK OF AMERICA CORPORATION.txt;AMEND;EconomicOperands;2
2015-BANK OF AMERICA CORPORATION.txt;BANKS;EconomicOperands;1
2015-BANK OF AMERICA CORPORATION.txt;BOARD;EconomicOperands;5
2015-BANK OF AMERICA CORPORATION.txt;BOOKS;EconomicOperands;5
2015-BANK OF AMERICA CORPORATION.txt;CLEAR;EconomicOperands;1
2015-BANK OF AMERICA CORPORATION.txt;COVER;EconomicOperands;3
2015-BANK OF AMERICA CORPORATION.txt;ENTRY;EconomicOperands;1
2015-BANK OF AMERICA CORPORATION.txt;EVENT;EconomicOperands;2
2015-BANK OF AMERICA CORPORATION.txt;FILER;EconomicOperands;1
2015-BANK OF AMERICA CORPORATION.txt;FIRMS;EconomicOperands;18
2015-BANK OF AMERICA CORPORATION.txt;FLOWS;EconomicOperands;10
2015-BANK OF AMERICA CORPORATION.txt;FULLY;EconomicOperands;3
2015-BANK OF AMERICA CORPORATION.txt;FUNDS;EconomicOperands;1
2015-BANK OF AMERICA CORPORATION.txt;GAINS;EconomicOperands;4
2015-BANK OF AMERICA CORPORATION.txt;GROSS;EconomicOperands;8
2015-BANK OF AMERICA CORPORATION.txt;HOLDS;EconomicOperands;1
2015-BANK OF AMERICA CORPORATION.txt;ITEMS;EconomicOperands;3
2015-BANK OF AMERICA CORPORATION.txt;JOINT;EconomicOperands;3
2015-BANK OF AMERICA CORPORATION.txt;LEASE;EconomicOperands;1
2015-BANK OF AMERICA CORPORATION.txt;LEGAL;EconomicOperands;22
2015-BANK OF AMERICA CORPORATION.txt;LEVEL;EconomicOperands;2
2015-BANK OF AMERICA CORPORATION.txt;LINES;EconomicOperands;3
2015-BANK OF AMERICA CORPORATION.txt;MODEL;EconomicOperands;13
2015-BANK OF AMERICA CORPORATION.txt;NEEDS;EconomicOperands;7
2015-BANK OF AMERICA CORPORATION.txt;ORDER;EconomicOperands;4
2015-BANK OF AMERICA CORPORATION.txt;PARTY;EconomicOperands;2
2015-BANK OF AMERICA CORPORATION.txt;PLACE;EconomicOperands;1
2015-BANK OF AMERICA CORPORATION.txt;PLANS;EconomicOperands;7
2015-BANK OF AMERICA CORPORATION.txt;POINT;EconomicOperands;1
2015-BANK OF AMERICA CORPORATION.txt;PRIOR;EconomicOperands;5
2015-BANK OF AMERICA CORPORATION.txt;RANGE;EconomicOperands;1
2015-BANK OF AMERICA CORPORATION.txt;RAPID;EconomicOperands;1
2015-BANK OF AMERICA CORPORATION.txt;REFER;EconomicOperands;1
2015-BANK OF AMERICA CORPORATION.txt;RISKS;EconomicOperands;1
2015-BANK OF AMERICA CORPORATION.txt;SHORT;EconomicOperands;7
2015-BANK OF AMERICA CORPORATION.txt;STAFF;EconomicOperands;2
2015-BANK OF AMERICA CORPORATION.txt;STAND;EconomicOperands;2
2015-BANK OF AMERICA CORPORATION.txt;STATE;EconomicOperands;1
2015-BANK OF AMERICA CORPORATION.txt;STEPS;EconomicOperands;1
2015-BANK OF AMERICA CORPORATION.txt;SWAPS;EconomicOperands;1
2015-BANK OF AMERICA CORPORATION.txt;VALUE;EconomicOperands;5
2015-BANK OF AMERICA CORPORATION.txt;YEARS;EconomicOperands;1
2015-BANK OF AMERICA CORPORATION.txt;ABOUT;FunctionWords;1
2015-BANK OF AMERICA CORPORATION.txt;ABOVE;FunctionWords;3
2015-BANK OF AMERICA CORPORATION.txt;AMONG;FunctionWords;3
2015-BANK OF AMERICA CORPORATION.txt;BEING;FunctionWords;1
2015-BANK OF AMERICA CORPORATION.txt;BELOW;FunctionWords;4
2015-BANK OF AMERICA CORPORATION.txt;COULD;FunctionWords;9
2015-BANK OF AMERICA CORPORATION.txt;GIVEN;FunctionWords;2
2015-BANK OF AMERICA CORPORATION.txt;LATER;FunctionWords;1
2015-BANK OF AMERICA CORPORATION.txt;THEIR;FunctionWords;10
2015-BANK OF AMERICA CORPORATION.txt;THERE;FunctionWords;1
2015-BANK OF AMERICA CORPORATION.txt;THESE;FunctionWords;5
2015-BANK OF AMERICA CORPORATION.txt;THOSE;FunctionWords;4
2015-BANK OF AMERICA CORPORATION.txt;UNDER;FunctionWords;11
2015-BANK OF AMERICA CORPORATION.txt;WHICH;FunctionWords;9
2015-BANK OF AMERICA CORPORATION.txt;WOULD;FunctionWords;19
2015-BANK OF AMERICA CORPORATION.txt;OTHER;LogicalConnectors;10
2015-BANK OF AMERICA CORPORATION.txt;AFTER;LogicalConnectors;1
2015-BANK OF AMERICA CORPORATION.txt;ALONE;LogicalConnectors;3
2015-BANK OF AMERICA CORPORATION.txt;RATIO;LogicalConnectors;6
2015-BANK OF AMERICA CORPORATION.txt;SINCE;LogicalConnectors;1
2015-BANK OF AMERICA CORPORATION.txt;WHILE;LogicalConnectors;2
2015-BANK OF AMERICA CORPORATION.txt;TOTAL;MathematicalOperators;3
2015-BANK OF AMERICA CORPORATION.txt;BASED;Other;1
2015-BANK OF AMERICA CORPORATION.txt;BASIS;Other;3
2015-BANK OF AMERICA CORPORATION.txt;TABLE;Other;3
2015-BANK OF AMERICA CORPORATION.txt;TAKEN;Other;2
2015-BANK OF AMERICA CORPORATION.txt;TERMS;Other;1
2015-BANK OF AMERICA CORPORATION.txt;SHALL;RegulatoryOperators;1
2015-BANK OF AMERICA CORPORATION.txt;2012;Attributes;2
2015-BANK OF AMERICA CORPORATION.txt;2013;Attributes;7
2015-BANK OF AMERICA CORPORATION.txt;2014;Attributes;13
2015-BANK OF AMERICA CORPORATION.txt;2015;Attributes;52
2015-BANK OF AMERICA CORPORATION.txt;WELL;Attributes;1
2015-BANK OF AMERICA CORPORATION.txt;ABLE;EconomicOperands;2
2015-BANK OF AMERICA CORPORATION.txt;BANK;EconomicOperands;3
2015-BANK OF AMERICA CORPORATION.txt;BEST;EconomicOperands;3
2015-BANK OF AMERICA CORPORATION.txt;BILL;EconomicOperands;9
2015-BANK OF AMERICA CORPORATION.txt;BOOK;EconomicOperands;1
2015-BANK OF AMERICA CORPORATION.txt;CALL;EconomicOperands;1
2015-BANK OF AMERICA CORPORATION.txt;CARD;EconomicOperands;1
2015-BANK OF AMERICA CORPORATION.txt;CASH;EconomicOperands;1
2015-BANK OF AMERICA CORPORATION.txt;CAST;EconomicOperands;1
2015-BANK OF AMERICA CORPORATION.txt;DATA;EconomicOperands;14
2015-BANK OF AMERICA CORPORATION.txt;DATE;EconomicOperands;20
2015-BANK OF AMERICA CORPORATION.txt;FAIR;EconomicOperands;7
2015-BANK OF AMERICA CORPORATION.txt;FDIC;EconomicOperands;2
2015-BANK OF AMERICA CORPORATION.txt;FILE;EconomicOperands;3
2015-BANK OF AMERICA CORPORATION.txt;FIRM;EconomicOperands;32
2015-BANK OF AMERICA CORPORATION.txt;FLOW;EconomicOperands;1
2015-BANK OF AMERICA CORPORATION.txt;FORM;EconomicOperands;4
2015-BANK OF AMERICA CORPORATION.txt;FULL;EconomicOperands;2
2015-BANK OF AMERICA CORPORATION.txt;FUND;EconomicOperands;4
2015-BANK OF AMERICA CORPORATION.txt;HELP;EconomicOperands;2
2015-BANK OF AMERICA CORPORATION.txt;HIGH;EconomicOperands;2
2015-BANK OF AMERICA CORPORATION.txt;LACK;EconomicOperands;4
2015-BANK OF AMERICA CORPORATION.txt;LATE;EconomicOperands;1
2015-BANK OF AMERICA CORPORATION.txt;LEAD;EconomicOperands;3
2015-BANK OF AMERICA CORPORATION.txt;LIST;EconomicOperands;1
2015-BANK OF AMERICA CORPORATION.txt;LOSS;EconomicOperands;2
2015-BANK OF AMERICA CORPORATION.txt;MEET;EconomicOperands;3
2015-BANK OF AMERICA CORPORATION.txt;MIND;EconomicOperands;2
2015-BANK OF AMERICA CORPORATION.txt;MOVE;EconomicOperands;1
2015-BANK OF AMERICA CORPORATION.txt;NEED;EconomicOperands;6
2015-BANK OF AMERICA CORPORATION.txt;NOTE;EconomicOperands;8
2015-BANK OF AMERICA CORPORATION.txt;PLAN;EconomicOperands;94
2015-BANK OF AMERICA CORPORATION.txt;PLAY;EconomicOperands;5
2015-BANK OF AMERICA CORPORATION.txt;POST;EconomicOperands;4
2015-BANK OF AMERICA CORPORATION.txt;RELY;EconomicOperands;1
2015-BANK OF AMERICA CORPORATION.txt;RISK;EconomicOperands;4
2015-BANK OF AMERICA CORPORATION.txt;RULE;EconomicOperands;8
2015-BANK OF AMERICA CORPORATION.txt;SEEK;EconomicOperands;1
2015-BANK OF AMERICA CORPORATION.txt;SHOW;EconomicOperands;6
2015-BANK OF AMERICA CORPORATION.txt;SIZE;EconomicOperands;1
2015-BANK OF AMERICA CORPORATION.txt;STAY;EconomicOperands;1
2015-BANK OF AMERICA CORPORATION.txt;STEP;EconomicOperands;1
2015-BANK OF AMERICA CORPORATION.txt;TIME;EconomicOperands;3
2015-BANK OF AMERICA CORPORATION.txt;TYPE;EconomicOperands;1
2015-BANK OF AMERICA CORPORATION.txt;UPON;EconomicOperands;2
2015-BANK OF AMERICA CORPORATION.txt;USED;EconomicOperands;4
2015-BANK OF AMERICA CORPORATION.txt;WIDE;EconomicOperands;1
2015-BANK OF AMERICA CORPORATION.txt;WORK;EconomicOperands;1
2015-BANK OF AMERICA CORPORATION.txt;DOES;FunctionWords;1
2015-BANK OF AMERICA CORPORATION.txt;DOWN;FunctionWords;18
2015-BANK OF AMERICA CORPORATION.txt;FROM;FunctionWords;13
2015-BANK OF AMERICA CORPORATION.txt;HAVE;FunctionWords;11
2015-BANK OF AMERICA CORPORATION.txt;INTO;FunctionWords;7
2015-BANK OF AMERICA CORPORATION.txt;MADE;FunctionWords;7
2015-BANK OF AMERICA CORPORATION.txt;MAKE;FunctionWords;2
2015-BANK OF AMERICA CORPORATION.txt;MOST;FunctionWords;1
2015-BANK OF AMERICA CORPORATION.txt;MUST;FunctionWords;8
2015-BANK OF AMERICA CORPORATION.txt;PART;FunctionWords;3
2015-BANK OF AMERICA CORPORATION.txt;PAST;FunctionWords;1
2015-BANK OF AMERICA CORPORATION.txt;SAME;FunctionWords;2
2015-BANK OF AMERICA CORPORATION.txt;SUCH;FunctionWords;9
2015-BANK OF AMERICA CORPORATION.txt;TAKE;FunctionWords;1
2015-BANK OF AMERICA CORPORATION.txt;THAN;FunctionWords;3
2015-BANK OF AMERICA CORPORATION.txt;THAT;FunctionWords;61
2015-BANK OF AMERICA CORPORATION.txt;THEM;FunctionWords;1
2015-BANK OF AMERICA CORPORATION.txt;THIS;FunctionWords;29
2015-BANK OF AMERICA CORPORATION.txt;WERE;FunctionWords;4
2015-BANK OF AMERICA CORPORATION.txt;WILL;FunctionWords;2
2015-BANK OF AMERICA CORPORATION.txt;WITH;FunctionWords;18
2015-BANK OF AMERICA CORPORATION.txt;EACH;LogicalConnectors;10
2015-BANK OF AMERICA CORPORATION.txt;NONE;LogicalConnectors;2
2015-BANK OF AMERICA CORPORATION.txt;WHEN;LogicalConnectors;3
2015-BANK OF AMERICA CORPORATION.txt;ALSO;LogicalConnectors;9
2015-BANK OF AMERICA CORPORATION.txt;MORE;LogicalConnectors;5
2015-BANK OF AMERICA CORPORATION.txt;ONLY;LogicalConnectors;1
2015-BANK OF AMERICA CORPORATION.txt;THUS;LogicalConnectors;1
2015-BANK OF AMERICA CORPORATION.txt;LESS;MathematicalOperators;7
2015-BANK OF AMERICA CORPORATION.txt;OVER;MathematicalOperators;6
2015-BANK OF AMERICA CORPORATION.txt;DUE;Attributes;1
2015-BANK OF AMERICA CORPORATION.txt;ODD;Attributes;6
2015-BANK OF AMERICA CORPORATION.txt;TWO;Attributes;1
2015-BANK OF AMERICA CORPORATION.txt;BAN;EconomicOperands;1
2015-BANK OF AMERICA CORPORATION.txt;DAY;EconomicOperands;3
2015-BANK OF AMERICA CORPORATION.txt;EAD;EconomicOperands;1
2015-BANK OF AMERICA CORPORATION.txt;IFI;EconomicOperands;1
2015-BANK OF AMERICA CORPORATION.txt;ILL;EconomicOperands;2
2015-BANK OF AMERICA CORPORATION.txt;KEY;EconomicOperands;3
2015-BANK OF AMERICA CORPORATION.txt;LAW;EconomicOperands;2
2015-BANK OF AMERICA CORPORATION.txt;LED;EconomicOperands;1
2015-BANK OF AMERICA CORPORATION.txt;NET;EconomicOperands;12
2015-BANK OF AMERICA CORPORATION.txt;OUT;EconomicOperands;7
2015-BANK OF AMERICA CORPORATION.txt;RUN;EconomicOperands;6
2015-BANK OF AMERICA CORPORATION.txt;SIV;EconomicOperands;1
2015-BANK OF AMERICA CORPORATION.txt;SUM;EconomicOperands;2
2015-BANK OF AMERICA CORPORATION.txt;USE;EconomicOperands;2
2015-BANK OF AMERICA CORPORATION.txt;ARE;FunctionWords;17
2015-BANK OF AMERICA CORPORATION.txt;CAN;FunctionWords;1
2015-BANK OF AMERICA CORPORATION.txt;DID;FunctionWords;9
2015-BANK OF AMERICA CORPORATION.txt;FOR;FunctionWords;57
2015-BANK OF AMERICA CORPORATION.txt;HAD;FunctionWords;3
2015-BANK OF AMERICA CORPORATION.txt;HAS;FunctionWords;19
2015-BANK OF AMERICA CORPORATION.txt;HER;FunctionWords;3
2015-BANK OF AMERICA CORPORATION.txt;HOW;FunctionWords;2
2015-BANK OF AMERICA CORPORATION.txt;ITS;FunctionWords;18
2015-BANK OF AMERICA CORPORATION.txt;MAY;FunctionWords;14
2015-BANK OF AMERICA CORPORATION.txt;OFF;FunctionWords;2
2015-BANK OF AMERICA CORPORATION.txt;ONE;FunctionWords;2
2015-BANK OF AMERICA CORPORATION.txt;PER;FunctionWords;1
2015-BANK OF AMERICA CORPORATION.txt;SHE;FunctionWords;2
2015-BANK OF AMERICA CORPORATION.txt;THE;FunctionWords;372
2015-BANK OF AMERICA CORPORATION.txt;WAS;FunctionWords;2
2015-BANK OF AMERICA CORPORATION.txt;WHO;FunctionWords;1
2015-BANK OF AMERICA CORPORATION.txt;120;LegalReferences;1
2015-BANK OF AMERICA CORPORATION.txt;165;LegalReferences;1
2015-BANK OF AMERICA CORPORATION.txt;201;LegalReferences;37
2015-BANK OF AMERICA CORPORATION.txt;ACT;LegalReferences;6
2015-BANK OF AMERICA CORPORATION.txt;APP;LegalReferences;1
2015-BANK OF AMERICA CORPORATION.txt;III;LegalReferences;2
2015-BANK OF AMERICA CORPORATION.txt;SEQ;LegalReferences;1
2015-BANK OF AMERICA CORPORATION.txt;ALL;LogicalConnectors;10
2015-BANK OF AMERICA CORPORATION.txt;ANY;LogicalConnectors;11
2015-BANK OF AMERICA CORPORATION.txt;AND;LogicalConnectors;130
2015-BANK OF AMERICA CORPORATION.txt;BUT;LogicalConnectors;5
2015-BANK OF AMERICA CORPORATION.txt;NON;LogicalConnectors;1
2015-BANK OF AMERICA CORPORATION.txt;NOR;LogicalConnectors;2
2015-BANK OF AMERICA CORPORATION.txt;NOT;LogicalConnectors;34
2015-BANK OF AMERICA CORPORATION.txt;END;Other;6
2015-BANK OF AMERICA CORPORATION.txt;SET;Other;3
2015-BANK OF AMERICA CORPORATION.txt;12;Attributes;4
2015-BANK OF AMERICA CORPORATION.txt;50;Attributes;1
2015-BANK OF AMERICA CORPORATION.txt;CP;EconomicOperands;1
2015-BANK OF AMERICA CORPORATION.txt;EC;EconomicOperands;4
2015-BANK OF AMERICA CORPORATION.txt;IT;EconomicOperands;16
2015-BANK OF AMERICA CORPORATION.txt;PE;EconomicOperands;5
2015-BANK OF AMERICA CORPORATION.txt;TR;EconomicOperands;14
2015-BANK OF AMERICA CORPORATION.txt;US;EconomicOperands;11
2015-BANK OF AMERICA CORPORATION.txt;AN;FunctionWords;26
2015-BANK OF AMERICA CORPORATION.txt;AT;FunctionWords;32
2015-BANK OF AMERICA CORPORATION.txt;BE;FunctionWords;42
2015-BANK OF AMERICA CORPORATION.txt;BY;FunctionWords;22
2015-BANK OF AMERICA CORPORATION.txt;DO;FunctionWords;2
2015-BANK OF AMERICA CORPORATION.txt;HE;FunctionWords;1
2015-BANK OF AMERICA CORPORATION.txt;IN;FunctionWords;158
2015-BANK OF AMERICA CORPORATION.txt;IS;FunctionWords;19
2015-BANK OF AMERICA CORPORATION.txt;OF;FunctionWords;129
2015-BANK OF AMERICA CORPORATION.txt;ON;FunctionWords;40
2015-BANK OF AMERICA CORPORATION.txt;TO;FunctionWords;127
2015-BANK OF AMERICA CORPORATION.txt;17;LegalReferences;1
2015-BANK OF AMERICA CORPORATION.txt;24;LegalReferences;1
2015-BANK OF AMERICA CORPORATION.txt;36;LegalReferences;2
2015-BANK OF AMERICA CORPORATION.txt;38;LegalReferences;1
2015-BANK OF AMERICA CORPORATION.txt;42;LegalReferences;1
2015-BANK OF AMERICA CORPORATION.txt;5D;LegalReferences;2
2015-BANK OF AMERICA CORPORATION.txt;CC;LegalReferences;2
2015-BANK OF AMERICA CORPORATION.txt;II;LegalReferences;2
2015-BANK OF AMERICA CORPORATION.txt;IV;LegalReferences;7
2015-BANK OF AMERICA CORPORATION.txt;NO;LogicalConnectors;7
2015-BANK OF AMERICA CORPORATION.txt;AS;LogicalConnectors;36
2015-BANK OF AMERICA CORPORATION.txt;IF;LogicalConnectors;5
2015-BANK OF AMERICA CORPORATION.txt;OR;LogicalConnectors;36
2015-BANK OF AMERICA CORPORATION.txt;SO;LogicalConnectors;9
2015-BANK OF AMERICA CORPORATION.txt;1;Attributes;6
2015-BANK OF AMERICA CORPORATION.txt;2;Attributes;1
2015-BANK OF AMERICA CORPORATION.txt;3;Attributes;3
2015-BANK OF AMERICA CORPORATION.txt;4;Attributes;2
2015-BANK OF AMERICA CORPORATION.txt;5;Attributes;5
2015-BANK OF AMERICA CORPORATION.txt;6;Attributes;23
2015-BANK OF AMERICA CORPORATION.txt;7;Attributes;16
2015-BANK OF AMERICA CORPORATION.txt;9;Attributes;4
2015-BANK OF AMERICA CORPORATION.txt;A;FunctionWords;189
2015-BANK OF AMERICA CORPORATION.txt;I;FunctionWords;87
2015-BANK OF AMERICA CORPORATION.txt;B;LegalReferences;77
2015-BANK OF AMERICA CORPORATION.txt;C;LegalReferences;123
2015-BANK OF AMERICA CORPORATION.txt;D;LegalReferences;63
2015-BANK OF AMERICA CORPORATION.txt;E;LegalReferences;170
2015-BANK OF AMERICA CORPORATION.txt;F;LegalReferences;37
2015-BANK OF AMERICA CORPORATION.txt;H;LegalReferences;11
2015-BANK OF AMERICA CORPORATION.txt;J;LegalReferences;6
2015-BANK OF AMERICA CORPORATION.txt;K;LegalReferences;13
2015-BANK OF AMERICA CORPORATION.txt;L;LegalReferences;84
2015-BANK OF AMERICA CORPORATION.txt;M;LegalReferences;38
2015-BANK OF AMERICA CORPORATION.txt;N;LegalReferences;35
2015-BANK OF AMERICA CORPORATION.txt;O;LegalReferences;28
2015-BANK OF AMERICA CORPORATION.txt;P;LegalReferences;25
2015-BANK OF AMERICA CORPORATION.txt;Q;LegalReferences;7
2015-BANK OF AMERICA CORPORATION.txt;R;LegalReferences;125
2015-BANK OF AMERICA CORPORATION.txt;T;LegalReferences;116
2015-BANK OF AMERICA CORPORATION.txt;U;LegalReferences;24
2015-BANK OF AMERICA CORPORATION.txt;V;LegalReferences;13
2015-BANK OF AMERICA CORPORATION.txt;X;LegalReferences;2
2015-BANK OF AMERICA CORPORATION.txt;Y;LegalReferences;35
2015-BANK OF AMERICA CORPORATION.txt;Z;LegalReferences;5
