2022-BARCLAYS PLC.txt;DODD-FRANK WALL STREET REFORM AND CONSUMER PROTECTION ACT;LegalReferences;1
2022-BARCLAYS PLC.txt;FEDERAL DEPOSIT INSURANCE CORPORATION;EconomicOperands;1
2022-BARCLAYS PLC.txt;NONBANK FINANCIAL COMPANY;EconomicOperands;1
2022-BARCLAYS PLC.txt;BANK HOLDING COMPANIES;EconomicOperands;1
2022-BARCLAYS PLC.txt;SYSTEMICALLY IMPORTANT;EconomicOperands;1
2022-BARCLAYS PLC.txt;BANK HOLDING COMPANY;EconomicOperands;4
2022-BARCLAYS PLC.txt;CONSUMER PROTECTION;EconomicOperands;1
2022-BARCLAYS PLC.txt;FINANCIAL STABILITY;EconomicOperands;1
2022-BARCLAYS PLC.txt;BOARD OF GOVERNORS;EconomicOperands;1
2022-BARCLAYS PLC.txt;TOTAL CONSOLIDATED;EconomicOperands;3
2022-BARCLAYS PLC.txt;IN ACCORDANCE WITH;LogicalConnectors;1
2022-BARCLAYS PLC.txt;ADVERSE EFFECTS;EconomicOperands;1
2022-BARCLAYS PLC.txt;BANKRUPTCY CODE;EconomicOperands;3
2022-BARCLAYS PLC.txt;ECONOMIC GROWTH;EconomicOperands;1
2022-BARCLAYS PLC.txt;FEDERAL RESERVE;EconomicOperands;1
2022-BARCLAYS PLC.txt;ASSOCIATED WITH;FunctionWords;1
2022-BARCLAYS PLC.txt;WITH RESPECT TO;LogicalConnectors;1
2022-BARCLAYS PLC.txt;CAPITALIZATION;EconomicOperands;1
2022-BARCLAYS PLC.txt;IDENTIFICATION;EconomicOperands;1
2022-BARCLAYS PLC.txt;RELATED ACTION;EconomicOperands;1
2022-BARCLAYS PLC.txt;REORGANIZATION;EconomicOperands;1
2022-BARCLAYS PLC.txt;AS A RESULT OF;LogicalConnectors;1
2022-BARCLAYS PLC.txt;IN ADDITION TO;LogicalConnectors;1
2022-BARCLAYS PLC.txt;COMPLEMENTARY;EconomicOperands;1
2022-BARCLAYS PLC.txt;CONSIDERATION;EconomicOperands;2
2022-BARCLAYS PLC.txt;FOREIGN-BASED;EconomicOperands;2
2022-BARCLAYS PLC.txt;INCORPORATION;EconomicOperands;1
2022-BARCLAYS PLC.txt;UNITED STATES;EconomicOperands;4
2022-BARCLAYS PLC.txt;SUBSTANTIALLY;FunctionWords;1
2022-BARCLAYS PLC.txt;IN PARTICULAR;LogicalConnectors;2
2022-BARCLAYS PLC.txt;REGARDLESS OF;LogicalConnectors;1
2022-BARCLAYS PLC.txt;SUFFICIENTLY;Attributes;3
2022-BARCLAYS PLC.txt;ACCOMPLISHED;EconomicOperands;1
2022-BARCLAYS PLC.txt;CALCULATIONS;EconomicOperands;1
2022-BARCLAYS PLC.txt;CAPABILITIES;EconomicOperands;16
2022-BARCLAYS PLC.txt;COMMENCEMENT;EconomicOperands;1
2022-BARCLAYS PLC.txt;COMMUNICATED;EconomicOperands;1
2022-BARCLAYS PLC.txt;CONSEQUENCES;EconomicOperands;1
2022-BARCLAYS PLC.txt;CONTEMPLATED;EconomicOperands;1
2022-BARCLAYS PLC.txt;DEFICIENCIES;EconomicOperands;4
2022-BARCLAYS PLC.txt;DEMONSTRATES;EconomicOperands;1
2022-BARCLAYS PLC.txt;DESCRIPTIONS;EconomicOperands;1
2022-BARCLAYS PLC.txt;EXPECTATIONS;EconomicOperands;1
2022-BARCLAYS PLC.txt;INCORPORATED;EconomicOperands;1
2022-BARCLAYS PLC.txt;JURISDICTION;EconomicOperands;1
2022-BARCLAYS PLC.txt;QUANTITATIVE;EconomicOperands;1
2022-BARCLAYS PLC.txt;REQUIREMENTS;EconomicOperands;1
2022-BARCLAYS PLC.txt;SHORTCOMINGS;EconomicOperands;4
2022-BARCLAYS PLC.txt;STAKEHOLDERS;EconomicOperands;1
2022-BARCLAYS PLC.txt;SUBSIDIARIES;EconomicOperands;4
2022-BARCLAYS PLC.txt;SUBSTANTIATE;EconomicOperands;1
2022-BARCLAYS PLC.txt;SECTION 165D;LegalReferences;5
2022-BARCLAYS PLC.txt;IMPLEMENTING;RegulatoryOperators;1
2022-BARCLAYS PLC.txt;APPROPRIATE;Attributes;1
2022-BARCLAYS PLC.txt;AFFIRMATION;EconomicOperands;1
2022-BARCLAYS PLC.txt;ALTERNATING;EconomicOperands;1
2022-BARCLAYS PLC.txt;APPLICATION;EconomicOperands;1
2022-BARCLAYS PLC.txt;CALCULATION;EconomicOperands;2
2022-BARCLAYS PLC.txt;DEMONSTRATE;EconomicOperands;1
2022-BARCLAYS PLC.txt;DESCRIPTION;EconomicOperands;2
2022-BARCLAYS PLC.txt;ENHANCEMENT;EconomicOperands;1
2022-BARCLAYS PLC.txt;FLEXIBILITY;EconomicOperands;1
2022-BARCLAYS PLC.txt;INFORMATION;EconomicOperands;13
2022-BARCLAYS PLC.txt;LIQUIDATION;EconomicOperands;1
2022-BARCLAYS PLC.txt;OPERATIONAL;EconomicOperands;1
2022-BARCLAYS PLC.txt;PRACTICABLE;EconomicOperands;1
2022-BARCLAYS PLC.txt;PREPARATION;EconomicOperands;2
2022-BARCLAYS PLC.txt;PROCEEDINGS;EconomicOperands;1
2022-BARCLAYS PLC.txt;SENSITIVITY;EconomicOperands;1
2022-BARCLAYS PLC.txt;SUBMISSIONS;EconomicOperands;2
2022-BARCLAYS PLC.txt;SURROUNDING;EconomicOperands;1
2022-BARCLAYS PLC.txt;PURSUANT TO;FunctionWords;2
2022-BARCLAYS PLC.txt;SECTION 165;LegalReferences;1
2022-BARCLAYS PLC.txt;ACCORDINGLY;LogicalConnectors;1
2022-BARCLAYS PLC.txt;IN ADDITION;LogicalConnectors;2
2022-BARCLAYS PLC.txt;REASONABLE;Attributes;1
2022-BARCLAYS PLC.txt;ACCELERATE;EconomicOperands;1
2022-BARCLAYS PLC.txt;ACTIVITIES;EconomicOperands;1
2022-BARCLAYS PLC.txt;ANTICIPATE;EconomicOperands;1
2022-BARCLAYS PLC.txt;BACKGROUND;EconomicOperands;1
2022-BARCLAYS PLC.txt;BANKRUPTCY;EconomicOperands;2
2022-BARCLAYS PLC.txt;CONCLUSION;EconomicOperands;1
2022-BARCLAYS PLC.txt;CONDITIONS;EconomicOperands;2
2022-BARCLAYS PLC.txt;CONDUCTING;EconomicOperands;1
2022-BARCLAYS PLC.txt;CONSIDERED;EconomicOperands;1
2022-BARCLAYS PLC.txt;DAY-TO-DAY;EconomicOperands;1
2022-BARCLAYS PLC.txt;EXPERIENCE;EconomicOperands;1
2022-BARCLAYS PLC.txt;FACILITATE;EconomicOperands;1
2022-BARCLAYS PLC.txt;GOVERNANCE;EconomicOperands;1
2022-BARCLAYS PLC.txt;MANAGEMENT;EconomicOperands;4
2022-BARCLAYS PLC.txt;OBJECTIVES;EconomicOperands;1
2022-BARCLAYS PLC.txt;OBLIGATION;EconomicOperands;1
2022-BARCLAYS PLC.txt;OPERATIONS;EconomicOperands;7
2022-BARCLAYS PLC.txt;PRODUCTION;EconomicOperands;1
2022-BARCLAYS PLC.txt;REGULATION;EconomicOperands;2
2022-BARCLAYS PLC.txt;REGULATORY;EconomicOperands;1
2022-BARCLAYS PLC.txt;RESOLUTION;EconomicOperands;71
2022-BARCLAYS PLC.txt;RESPONDING;EconomicOperands;1
2022-BARCLAYS PLC.txt;STRENGTHEN;EconomicOperands;1
2022-BARCLAYS PLC.txt;STRUCTURES;EconomicOperands;1
2022-BARCLAYS PLC.txt;SUBMISSION;EconomicOperands;4
2022-BARCLAYS PLC.txt;SUCCESSFUL;EconomicOperands;2
2022-BARCLAYS PLC.txt;IDENTIFIED;FunctionWords;2
2022-BARCLAYS PLC.txt;AS WELL AS;LogicalConnectors;1
2022-BARCLAYS PLC.txt;PREVIOUSLY;LogicalConnectors;2
2022-BARCLAYS PLC.txt;ADDITIONAL;MathematicalOperators;2
2022-BARCLAYS PLC.txt;DESIGNATED;RegulatoryOperators;1
2022-BARCLAYS PLC.txt;NECESSARY;Attributes;1
2022-BARCLAYS PLC.txt;TRIENNIAL;Attributes;1
2022-BARCLAYS PLC.txt;ASSESSING;EconomicOperands;1
2022-BARCLAYS PLC.txt;AVAILABLE;EconomicOperands;2
2022-BARCLAYS PLC.txt;COMPANIES;EconomicOperands;1
2022-BARCLAYS PLC.txt;DECISIONS;EconomicOperands;1
2022-BARCLAYS PLC.txt;DISCUSSED;EconomicOperands;3
2022-BARCLAYS PLC.txt;DOMICILED;EconomicOperands;1
2022-BARCLAYS PLC.txt;ENCOURAGE;EconomicOperands;3
2022-BARCLAYS PLC.txt;ESSENTIAL;EconomicOperands;1
2022-BARCLAYS PLC.txt;EXECUTING;EconomicOperands;1
2022-BARCLAYS PLC.txt;EXECUTION;EconomicOperands;4
2022-BARCLAYS PLC.txt;EXERCISES;EconomicOperands;4
2022-BARCLAYS PLC.txt;FINANCIAL;EconomicOperands;3
2022-BARCLAYS PLC.txt;FORECASTS;EconomicOperands;2
2022-BARCLAYS PLC.txt;FRAMEWORK;EconomicOperands;3
2022-BARCLAYS PLC.txt;IMPORTANT;EconomicOperands;3
2022-BARCLAYS PLC.txt;LIQUIDITY;EconomicOperands;9
2022-BARCLAYS PLC.txt;OPERATING;EconomicOperands;1
2022-BARCLAYS PLC.txt;ORGANIZED;EconomicOperands;1
2022-BARCLAYS PLC.txt;PREFERRED;EconomicOperands;2
2022-BARCLAYS PLC.txt;PROCESSES;EconomicOperands;2
2022-BARCLAYS PLC.txt;QUESTIONS;EconomicOperands;1
2022-BARCLAYS PLC.txt;REPORTING;EconomicOperands;1
2022-BARCLAYS PLC.txt;RESOURCES;EconomicOperands;1
2022-BARCLAYS PLC.txt;RESULTING;EconomicOperands;1
2022-BARCLAYS PLC.txt;REVIEWING;EconomicOperands;1
2022-BARCLAYS PLC.txt;SITUATION;EconomicOperands;1
2022-BARCLAYS PLC.txt;STANDARDS;EconomicOperands;1
2022-BARCLAYS PLC.txt;SUBMITTED;EconomicOperands;2
2022-BARCLAYS PLC.txt;UNDERTAKE;EconomicOperands;1
2022-BARCLAYS PLC.txt;UTILIZING;EconomicOperands;1
2022-BARCLAYS PLC.txt;PRECEDING;FunctionWords;1
2022-BARCLAYS PLC.txt;SECTION 4;LegalReferences;1
2022-BARCLAYS PLC.txt;INCLUDING;LogicalConnectors;5
2022-BARCLAYS PLC.txt;REGARDING;LogicalConnectors;5
2022-BARCLAYS PLC.txt;THEREFORE;LogicalConnectors;2
2022-BARCLAYS PLC.txt;EFFECTIVE;Other;1
2022-BARCLAYS PLC.txt;DETERMINE;RegulatoryOperators;1
2022-BARCLAYS PLC.txt;MITIGATES;RegulatoryOperators;1
2022-BARCLAYS PLC.txt;SET FORTH;RegulatoryOperators;1
2022-BARCLAYS PLC.txt;CREDIBLE;Attributes;1
2022-BARCLAYS PLC.txt;POSSIBLE;Attributes;1
2022-BARCLAYS PLC.txt;ACCURATE;EconomicOperands;2
2022-BARCLAYS PLC.txt;ADEQUACY;EconomicOperands;1
2022-BARCLAYS PLC.txt;AGENCIES;EconomicOperands;34
2022-BARCLAYS PLC.txt;ANALYSES;EconomicOperands;1
2022-BARCLAYS PLC.txt;ANALYSIS;EconomicOperands;1
2022-BARCLAYS PLC.txt;BUSINESS;EconomicOperands;1
2022-BARCLAYS PLC.txt;CONSIDER;EconomicOperands;3
2022-BARCLAYS PLC.txt;CONTINUE;EconomicOperands;3
2022-BARCLAYS PLC.txt;DESIGNED;EconomicOperands;2
2022-BARCLAYS PLC.txt;DETAILED;EconomicOperands;1
2022-BARCLAYS PLC.txt;DISTRESS;EconomicOperands;1
2022-BARCLAYS PLC.txt;DOCUMENT;EconomicOperands;1
2022-BARCLAYS PLC.txt;ELEMENTS;EconomicOperands;2
2022-BARCLAYS PLC.txt;ENTITIES;EconomicOperands;2
2022-BARCLAYS PLC.txt;ESTIMATE;EconomicOperands;2
2022-BARCLAYS PLC.txt;EXISTING;EconomicOperands;1
2022-BARCLAYS PLC.txt;EXPECTED;EconomicOperands;1
2022-BARCLAYS PLC.txt;FUNCTION;EconomicOperands;2
2022-BARCLAYS PLC.txt;GUIDANCE;EconomicOperands;2
2022-BARCLAYS PLC.txt;IDENTIFY;EconomicOperands;3
2022-BARCLAYS PLC.txt;INCLUDED;EconomicOperands;3
2022-BARCLAYS PLC.txt;INTERNAL;EconomicOperands;2
2022-BARCLAYS PLC.txt;MATERIAL;EconomicOperands;7
2022-BARCLAYS PLC.txt;OCCURRED;EconomicOperands;1
2022-BARCLAYS PLC.txt;OUTCOMES;EconomicOperands;1
2022-BARCLAYS PLC.txt;PLANNING;EconomicOperands;5
2022-BARCLAYS PLC.txt;PLATFORM;EconomicOperands;1
2022-BARCLAYS PLC.txt;PREPARED;EconomicOperands;3
2022-BARCLAYS PLC.txt;PRODUCED;EconomicOperands;1
2022-BARCLAYS PLC.txt;PROGRESS;EconomicOperands;2
2022-BARCLAYS PLC.txt;PROVIDES;EconomicOperands;2
2022-BARCLAYS PLC.txt;RECEIVED;EconomicOperands;1
2022-BARCLAYS PLC.txt;RELATIVE;EconomicOperands;1
2022-BARCLAYS PLC.txt;RELIABLE;EconomicOperands;3
2022-BARCLAYS PLC.txt;REQUESTS;EconomicOperands;2
2022-BARCLAYS PLC.txt;RESOURCE;EconomicOperands;4
2022-BARCLAYS PLC.txt;RESPONSE;EconomicOperands;3
2022-BARCLAYS PLC.txt;REVIEWED;EconomicOperands;1
2022-BARCLAYS PLC.txt;STRATEGY;EconomicOperands;8
2022-BARCLAYS PLC.txt;STRENGTH;EconomicOperands;1
2022-BARCLAYS PLC.txt;TARGETED;EconomicOperands;18
2022-BARCLAYS PLC.txt;TOGETHER;FunctionWords;1
2022-BARCLAYS PLC.txt;PROVIDED;LogicalConnectors;3
2022-BARCLAYS PLC.txt;MAXIMIZE;MathematicalOperators;1
2022-BARCLAYS PLC.txt;BASED ON;Other;1
2022-BARCLAYS PLC.txt;ENSURING;RegulatoryOperators;1
2022-BARCLAYS PLC.txt;REQUIRED;RegulatoryOperators;10
2022-BARCLAYS PLC.txt;REQUIRES;RegulatoryOperators;3
2022-BARCLAYS PLC.txt;SERIOUS;Attributes;1
2022-BARCLAYS PLC.txt;ABILITY;EconomicOperands;9
2022-BARCLAYS PLC.txt;ACTIONS;EconomicOperands;3
2022-BARCLAYS PLC.txt;ADDRESS;EconomicOperands;2
2022-BARCLAYS PLC.txt;BROADER;EconomicOperands;1
2022-BARCLAYS PLC.txt;CAPITAL;EconomicOperands;7
2022-BARCLAYS PLC.txt;CHANGES;EconomicOperands;5
2022-BARCLAYS PLC.txt;COMPANY;EconomicOperands;47
2022-BARCLAYS PLC.txt;CONDUCT;EconomicOperands;4
2022-BARCLAYS PLC.txt;CONTACT;EconomicOperands;1
2022-BARCLAYS PLC.txt;COUNTRY;EconomicOperands;2
2022-BARCLAYS PLC.txt;COVERED;EconomicOperands;46
2022-BARCLAYS PLC.txt;DEVELOP;EconomicOperands;3
2022-BARCLAYS PLC.txt;EFFORTS;EconomicOperands;7
2022-BARCLAYS PLC.txt;ENHANCE;EconomicOperands;3
2022-BARCLAYS PLC.txt;EXECUTE;EconomicOperands;2
2022-BARCLAYS PLC.txt;FAILURE;EconomicOperands;2
2022-BARCLAYS PLC.txt;FOCUSED;EconomicOperands;1
2022-BARCLAYS PLC.txt;FOREIGN;EconomicOperands;1
2022-BARCLAYS PLC.txt;FULFILL;EconomicOperands;1
2022-BARCLAYS PLC.txt;FUNDING;EconomicOperands;1
2022-BARCLAYS PLC.txt;IMPROVE;EconomicOperands;4
2022-BARCLAYS PLC.txt;INCLUDE;EconomicOperands;5
2022-BARCLAYS PLC.txt;MARKETS;EconomicOperands;1
2022-BARCLAYS PLC.txt;MATURED;EconomicOperands;1
2022-BARCLAYS PLC.txt;ONGOING;EconomicOperands;1
2022-BARCLAYS PLC.txt;ORDERLY;EconomicOperands;6
2022-BARCLAYS PLC.txt;OUTCOME;EconomicOperands;1
2022-BARCLAYS PLC.txt;PREPARE;EconomicOperands;1
2022-BARCLAYS PLC.txt;PROCESS;EconomicOperands;1
2022-BARCLAYS PLC.txt;PRODUCE;EconomicOperands;1
2022-BARCLAYS PLC.txt;PROFILE;EconomicOperands;1
2022-BARCLAYS PLC.txt;RECEIVE;EconomicOperands;1
2022-BARCLAYS PLC.txt;REFLECT;EconomicOperands;1
2022-BARCLAYS PLC.txt;REQUEST;EconomicOperands;5
2022-BARCLAYS PLC.txt;RESPOND;EconomicOperands;1
2022-BARCLAYS PLC.txt;RESULTS;EconomicOperands;1
2022-BARCLAYS PLC.txt;SUPPORT;EconomicOperands;3
2022-BARCLAYS PLC.txt;SYSTEMS;EconomicOperands;1
2022-BARCLAYS PLC.txt;TESTING;EconomicOperands;14
2022-BARCLAYS PLC.txt;UPDATED;EconomicOperands;1
2022-BARCLAYS PLC.txt;BETWEEN;FunctionWords;2
2022-BARCLAYS PLC.txt;CERTAIN;FunctionWords;4
2022-BARCLAYS PLC.txt;CURRENT;FunctionWords;2
2022-BARCLAYS PLC.txt;FAILING;FunctionWords;1
2022-BARCLAYS PLC.txt;RELATED;FunctionWords;3
2022-BARCLAYS PLC.txt;SECTION;LegalReferences;3
2022-BARCLAYS PLC.txt;JOINTLY;LogicalConnectors;4
2022-BARCLAYS PLC.txt;FURTHER;LogicalConnectors;5
2022-BARCLAYS PLC.txt;HOWEVER;LogicalConnectors;1
2022-BARCLAYS PLC.txt;SUCH AS;LogicalConnectors;3
2022-BARCLAYS PLC.txt;THAT IS;LogicalConnectors;3
2022-BARCLAYS PLC.txt;MINIMUM;MathematicalOperators;1
2022-BARCLAYS PLC.txt;CONTENT;Other;1
2022-BARCLAYS PLC.txt;AMENDED;RegulatoryOperators;2
2022-BARCLAYS PLC.txt;ROBUST;Attributes;3
2022-BARCLAYS PLC.txt;TIMELY;Attributes;6
2022-BARCLAYS PLC.txt;ACTUAL;EconomicOperands;4
2022-BARCLAYS PLC.txt;AGENCY;EconomicOperands;1
2022-BARCLAYS PLC.txt;AMOUNT;EconomicOperands;1
2022-BARCLAYS PLC.txt;ASSESS;EconomicOperands;1
2022-BARCLAYS PLC.txt;ASSETS;EconomicOperands;3
2022-BARCLAYS PLC.txt;CHANGE;EconomicOperands;4
2022-BARCLAYS PLC.txt;EARNED;EconomicOperands;1
2022-BARCLAYS PLC.txt;ENABLE;EconomicOperands;1
2022-BARCLAYS PLC.txt;ENGAGE;EconomicOperands;2
2022-BARCLAYS PLC.txt;EVENTS;EconomicOperands;1
2022-BARCLAYS PLC.txt;EXPECT;EconomicOperands;9
2022-BARCLAYS PLC.txt;FUTURE;EconomicOperands;4
2022-BARCLAYS PLC.txt;GLOBAL;EconomicOperands;3
2022-BARCLAYS PLC.txt;IMPACT;EconomicOperands;1
2022-BARCLAYS PLC.txt;INFORM;EconomicOperands;2
2022-BARCLAYS PLC.txt;INPUTS;EconomicOperands;1
2022-BARCLAYS PLC.txt;ISSUED;EconomicOperands;1
2022-BARCLAYS PLC.txt;PARENT;EconomicOperands;1
2022-BARCLAYS PLC.txt;PERIOD;EconomicOperands;2
2022-BARCLAYS PLC.txt;PROPER;EconomicOperands;1
2022-BARCLAYS PLC.txt;PUBLIC;EconomicOperands;1
2022-BARCLAYS PLC.txt;RATING;EconomicOperands;1
2022-BARCLAYS PLC.txt;RELIEF;EconomicOperands;1
2022-BARCLAYS PLC.txt;RELIES;EconomicOperands;1
2022-BARCLAYS PLC.txt;REPORT;EconomicOperands;1
2022-BARCLAYS PLC.txt;REVIEW;EconomicOperands;6
2022-BARCLAYS PLC.txt;SINGLE;EconomicOperands;1
2022-BARCLAYS PLC.txt;STRESS;EconomicOperands;6
2022-BARCLAYS PLC.txt;SUBMIT;EconomicOperands;2
2022-BARCLAYS PLC.txt;SYSTEM;EconomicOperands;1
2022-BARCLAYS PLC.txt;TAKING;EconomicOperands;1
2022-BARCLAYS PLC.txt;THINGS;EconomicOperands;1
2022-BARCLAYS PLC.txt;DURING;FunctionWords;2
2022-BARCLAYS PLC.txt;BEFORE;LogicalConnectors;3
2022-BARCLAYS PLC.txt;WITHIN;LogicalConnectors;1
2022-BARCLAYS PLC.txt;MANNER;Other;1
2022-BARCLAYS PLC.txt;SHOULD;RegulatoryOperators;2
2022-BARCLAYS PLC.txt;ENSURE;RegulatoryOperators;4
2022-BARCLAYS PLC.txt;DAILY;Attributes;1
2022-BARCLAYS PLC.txt;AREAS;EconomicOperands;2
2022-BARCLAYS PLC.txt;ASSET;EconomicOperands;1
2022-BARCLAYS PLC.txt;BOARD;EconomicOperands;1
2022-BARCLAYS PLC.txt;CLOSE;EconomicOperands;1
2022-BARCLAYS PLC.txt;EARLY;EconomicOperands;1
2022-BARCLAYS PLC.txt;ENTER;EconomicOperands;2
2022-BARCLAYS PLC.txt;ENTRY;EconomicOperands;1
2022-BARCLAYS PLC.txt;EVENT;EconomicOperands;1
2022-BARCLAYS PLC.txt;FILER;EconomicOperands;1
2022-BARCLAYS PLC.txt;FIRMS;EconomicOperands;3
2022-BARCLAYS PLC.txt;GROUP;EconomicOperands;3
2022-BARCLAYS PLC.txt;JOINT;EconomicOperands;1
2022-BARCLAYS PLC.txt;LEASE;EconomicOperands;1
2022-BARCLAYS PLC.txt;MEANS;EconomicOperands;2
2022-BARCLAYS PLC.txt;NEEDS;EconomicOperands;4
2022-BARCLAYS PLC.txt;PLANS;EconomicOperands;4
2022-BARCLAYS PLC.txt;POINT;EconomicOperands;1
2022-BARCLAYS PLC.txt;PRIOR;EconomicOperands;2
2022-BARCLAYS PLC.txt;RANGE;EconomicOperands;1
2022-BARCLAYS PLC.txt;RAPID;EconomicOperands;5
2022-BARCLAYS PLC.txt;RATED;EconomicOperands;2
2022-BARCLAYS PLC.txt;TOOLS;EconomicOperands;1
2022-BARCLAYS PLC.txt;USUAL;EconomicOperands;1
2022-BARCLAYS PLC.txt;VALID;EconomicOperands;3
2022-BARCLAYS PLC.txt;YEARS;EconomicOperands;1
2022-BARCLAYS PLC.txt;ABOUT;FunctionWords;3
2022-BARCLAYS PLC.txt;AMONG;FunctionWords;1
2022-BARCLAYS PLC.txt;BELOW;FunctionWords;3
2022-BARCLAYS PLC.txt;COULD;FunctionWords;3
2022-BARCLAYS PLC.txt;EVERY;FunctionWords;1
2022-BARCLAYS PLC.txt;THEIR;FunctionWords;2
2022-BARCLAYS PLC.txt;THESE;FunctionWords;3
2022-BARCLAYS PLC.txt;THOSE;FunctionWords;1
2022-BARCLAYS PLC.txt;UNDER;FunctionWords;11
2022-BARCLAYS PLC.txt;WHICH;FunctionWords;2
2022-BARCLAYS PLC.txt;WOULD;FunctionWords;4
2022-BARCLAYS PLC.txt;OTHER;LogicalConnectors;4
2022-BARCLAYS PLC.txt;WHERE;LogicalConnectors;3
2022-BARCLAYS PLC.txt;RATIO;LogicalConnectors;2
2022-BARCLAYS PLC.txt;SINCE;LogicalConnectors;1
2022-BARCLAYS PLC.txt;WHILE;LogicalConnectors;2
2022-BARCLAYS PLC.txt;BASIS;Other;1
2022-BARCLAYS PLC.txt;TABLE;Other;1
2022-BARCLAYS PLC.txt;SHALL;RegulatoryOperators;1
2022-BARCLAYS PLC.txt;BACK;EconomicOperands;4
2022-BARCLAYS PLC.txt;BILL;EconomicOperands;4
2022-BARCLAYS PLC.txt;CALL;EconomicOperands;1
2022-BARCLAYS PLC.txt;CASH;EconomicOperands;1
2022-BARCLAYS PLC.txt;CORE;EconomicOperands;2
2022-BARCLAYS PLC.txt;DATA;EconomicOperands;3
2022-BARCLAYS PLC.txt;DATE;EconomicOperands;1
2022-BARCLAYS PLC.txt;FDIC;EconomicOperands;1
2022-BARCLAYS PLC.txt;FILE;EconomicOperands;1
2022-BARCLAYS PLC.txt;FIRM;EconomicOperands;14
2022-BARCLAYS PLC.txt;FLOW;EconomicOperands;1
2022-BARCLAYS PLC.txt;FULL;EconomicOperands;13
2022-BARCLAYS PLC.txt;HELP;EconomicOperands;7
2022-BARCLAYS PLC.txt;HOME;EconomicOperands;2
2022-BARCLAYS PLC.txt;NEED;EconomicOperands;2
2022-BARCLAYS PLC.txt;NOTE;EconomicOperands;6
2022-BARCLAYS PLC.txt;PLAN;EconomicOperands;51
2022-BARCLAYS PLC.txt;RISK;EconomicOperands;2
2022-BARCLAYS PLC.txt;RULE;EconomicOperands;14
2022-BARCLAYS PLC.txt;SIZE;EconomicOperands;1
2022-BARCLAYS PLC.txt;STEP;EconomicOperands;1
2022-BARCLAYS PLC.txt;TEST;EconomicOperands;1
2022-BARCLAYS PLC.txt;TIME;EconomicOperands;1
2022-BARCLAYS PLC.txt;WIDE;EconomicOperands;2
2022-BARCLAYS PLC.txt;WORK;EconomicOperands;2
2022-BARCLAYS PLC.txt;FROM;FunctionWords;5
2022-BARCLAYS PLC.txt;HAVE;FunctionWords;7
2022-BARCLAYS PLC.txt;INTO;FunctionWords;1
2022-BARCLAYS PLC.txt;MADE;FunctionWords;2
2022-BARCLAYS PLC.txt;PART;FunctionWords;2
2022-BARCLAYS PLC.txt;SUCH;FunctionWords;4
2022-BARCLAYS PLC.txt;THAN;FunctionWords;1
2022-BARCLAYS PLC.txt;THAT;FunctionWords;24
2022-BARCLAYS PLC.txt;THEY;FunctionWords;1
2022-BARCLAYS PLC.txt;THIS;FunctionWords;2
2022-BARCLAYS PLC.txt;WILL;FunctionWords;5
2022-BARCLAYS PLC.txt;WITH;FunctionWords;5
2022-BARCLAYS PLC.txt;BOTH;LogicalConnectors;1
2022-BARCLAYS PLC.txt;EACH;LogicalConnectors;4
2022-BARCLAYS PLC.txt;NONE;LogicalConnectors;1
2022-BARCLAYS PLC.txt;ALSO;LogicalConnectors;7
2022-BARCLAYS PLC.txt;MORE;LogicalConnectors;3
2022-BARCLAYS PLC.txt;NEXT;LogicalConnectors;1
2022-BARCLAYS PLC.txt;LESS;MathematicalOperators;2
2022-BARCLAYS PLC.txt;READ;Other;1
2022-BARCLAYS PLC.txt;100;Attributes;1
2022-BARCLAYS PLC.txt;210;Attributes;1
2022-BARCLAYS PLC.txt;ODD;Attributes;6
2022-BARCLAYS PLC.txt;FEE;EconomicOperands;4
2022-BARCLAYS PLC.txt;LAW;EconomicOperands;1
2022-BARCLAYS PLC.txt;NEW;EconomicOperands;1
2022-BARCLAYS PLC.txt;RUN;EconomicOperands;2
2022-BARCLAYS PLC.txt;USE;EconomicOperands;1
2022-BARCLAYS PLC.txt;ARE;FunctionWords;2
2022-BARCLAYS PLC.txt;BAR;FunctionWords;9
2022-BARCLAYS PLC.txt;CAN;FunctionWords;7
2022-BARCLAYS PLC.txt;DID;FunctionWords;2
2022-BARCLAYS PLC.txt;FOR;FunctionWords;10
2022-BARCLAYS PLC.txt;HAD;FunctionWords;1
2022-BARCLAYS PLC.txt;HAS;FunctionWords;2
2022-BARCLAYS PLC.txt;HOW;FunctionWords;1
2022-BARCLAYS PLC.txt;ITS;FunctionWords;19
2022-BARCLAYS PLC.txt;MAY;FunctionWords;2
2022-BARCLAYS PLC.txt;THE;FunctionWords;179
2022-BARCLAYS PLC.txt;WAS;FunctionWords;1
2022-BARCLAYS PLC.txt;18B;LegalReferences;1
2022-BARCLAYS PLC.txt;201;LegalReferences;3
2022-BARCLAYS PLC.txt;202;LegalReferences;27
2022-BARCLAYS PLC.txt;208;LegalReferences;1
2022-BARCLAYS PLC.txt;217;LegalReferences;1
2022-BARCLAYS PLC.txt;311;LegalReferences;1
2022-BARCLAYS PLC.txt;402;LegalReferences;1
2022-BARCLAYS PLC.txt;814;LegalReferences;1
2022-BARCLAYS PLC.txt;919;LegalReferences;1
2022-BARCLAYS PLC.txt;ACT;LegalReferences;7
2022-BARCLAYS PLC.txt;III;LegalReferences;5
2022-BARCLAYS PLC.txt;ALL;LogicalConnectors;2
2022-BARCLAYS PLC.txt;ANY;LogicalConnectors;6
2022-BARCLAYS PLC.txt;AND;LogicalConnectors;68
2022-BARCLAYS PLC.txt;NOT;LogicalConnectors;5
2022-BARCLAYS PLC.txt;END;Other;1
2022-BARCLAYS PLC.txt;ADD;RegulatoryOperators;1
2022-BARCLAYS PLC.txt;10;Attributes;1
2022-BARCLAYS PLC.txt;12;Attributes;15
2022-BARCLAYS PLC.txt;20;Attributes;1
2022-BARCLAYS PLC.txt;25;Attributes;3
2022-BARCLAYS PLC.txt;35;Attributes;2
2022-BARCLAYS PLC.txt;EC;EconomicOperands;5
2022-BARCLAYS PLC.txt;IT;EconomicOperands;5
2022-BARCLAYS PLC.txt;PE;EconomicOperands;1
2022-BARCLAYS PLC.txt;US;EconomicOperands;16
2022-BARCLAYS PLC.txt;VI;EconomicOperands;1
2022-BARCLAYS PLC.txt;AN;FunctionWords;13
2022-BARCLAYS PLC.txt;AT;FunctionWords;6
2022-BARCLAYS PLC.txt;BE;FunctionWords;13
2022-BARCLAYS PLC.txt;BY;FunctionWords;12
2022-BARCLAYS PLC.txt;IN;FunctionWords;36
2022-BARCLAYS PLC.txt;IS;FunctionWords;11
2022-BARCLAYS PLC.txt;OF;FunctionWords;59
2022-BARCLAYS PLC.txt;ON;FunctionWords;21
2022-BARCLAYS PLC.txt;TO;FunctionWords;62
2022-BARCLAYS PLC.txt;11;LegalReferences;3
2022-BARCLAYS PLC.txt;16;LegalReferences;3
2022-BARCLAYS PLC.txt;17;LegalReferences;1
2022-BARCLAYS PLC.txt;1F;LegalReferences;1
2022-BARCLAYS PLC.txt;22;LegalReferences;1
2022-BARCLAYS PLC.txt;24;LegalReferences;9
2022-BARCLAYS PLC.txt;29;LegalReferences;1
2022-BARCLAYS PLC.txt;32;LegalReferences;2
2022-BARCLAYS PLC.txt;36;LegalReferences;6
2022-BARCLAYS PLC.txt;38;LegalReferences;9
2022-BARCLAYS PLC.txt;3B;LegalReferences;1
2022-BARCLAYS PLC.txt;49;LegalReferences;1
2022-BARCLAYS PLC.txt;4B;LegalReferences;1
2022-BARCLAYS PLC.txt;54;LegalReferences;1
2022-BARCLAYS PLC.txt;5C;LegalReferences;3
2022-BARCLAYS PLC.txt;5D;LegalReferences;2
2022-BARCLAYS PLC.txt;B3;LegalReferences;2
2022-BARCLAYS PLC.txt;D1;LegalReferences;1
2022-BARCLAYS PLC.txt;E1;LegalReferences;1
2022-BARCLAYS PLC.txt;F1;LegalReferences;1
2022-BARCLAYS PLC.txt;II;LegalReferences;4
2022-BARCLAYS PLC.txt;IV;LegalReferences;2
2022-BARCLAYS PLC.txt;NO;LogicalConnectors;2
2022-BARCLAYS PLC.txt;AS;LogicalConnectors;21
2022-BARCLAYS PLC.txt;IF;LogicalConnectors;1
2022-BARCLAYS PLC.txt;OR;LogicalConnectors;25
2022-BARCLAYS PLC.txt;SO;LogicalConnectors;6
2022-BARCLAYS PLC.txt;1;Attributes;23
2022-BARCLAYS PLC.txt;2;Attributes;5
2022-BARCLAYS PLC.txt;3;Attributes;5
2022-BARCLAYS PLC.txt;4;Attributes;13
2022-BARCLAYS PLC.txt;5;Attributes;10
2022-BARCLAYS PLC.txt;6;Attributes;2
2022-BARCLAYS PLC.txt;7;Attributes;3
2022-BARCLAYS PLC.txt;8;Attributes;8
2022-BARCLAYS PLC.txt;9;Attributes;5
2022-BARCLAYS PLC.txt;A;FunctionWords;51
2022-BARCLAYS PLC.txt;I;FunctionWords;20
2022-BARCLAYS PLC.txt;B;LegalReferences;9
2022-BARCLAYS PLC.txt;C;LegalReferences;44
2022-BARCLAYS PLC.txt;D;LegalReferences;24
2022-BARCLAYS PLC.txt;E;LegalReferences;71
2022-BARCLAYS PLC.txt;F;LegalReferences;19
2022-BARCLAYS PLC.txt;H;LegalReferences;1
2022-BARCLAYS PLC.txt;J;LegalReferences;2
2022-BARCLAYS PLC.txt;K;LegalReferences;8
2022-BARCLAYS PLC.txt;L;LegalReferences;47
2022-BARCLAYS PLC.txt;M;LegalReferences;10
2022-BARCLAYS PLC.txt;N;LegalReferences;21
2022-BARCLAYS PLC.txt;O;LegalReferences;9
2022-BARCLAYS PLC.txt;P;LegalReferences;9
2022-BARCLAYS PLC.txt;R;LegalReferences;56
2022-BARCLAYS PLC.txt;T;LegalReferences;20
2022-BARCLAYS PLC.txt;U;LegalReferences;6
2022-BARCLAYS PLC.txt;V;LegalReferences;8
2022-BARCLAYS PLC.txt;Y;LegalReferences;17
