2018-CREDIT SUISSE.txt;DODD-FRANK WALL STREET REFORM AND CONSUMER PROTECTION ACT;LegalReferences;1
2018-CREDIT SUISSE.txt;FEDERAL DEPOSIT INSURANCE CORPORATION;EconomicOperands;1
2018-CREDIT SUISSE.txt;INTERMEDIATE HOLDING COMPANY;EconomicOperands;1
2018-CREDIT SUISSE.txt;QUALIFIED FINANCIAL CONTRACT;EconomicOperands;1
2018-CREDIT SUISSE.txt;NONBANK FINANCIAL COMPANY;EconomicOperands;1
2018-CREDIT SUISSE.txt;BANK HOLDING COMPANIES;EconomicOperands;1
2018-CREDIT SUISSE.txt;FINANCIAL STATEMENTS;EconomicOperands;2
2018-CREDIT SUISSE.txt;PRUDENTIAL STANDARDS;EconomicOperands;1
2018-CREDIT SUISSE.txt;FINANCIAL STABILITY;EconomicOperands;5
2018-CREDIT SUISSE.txt;BOARD OF GOVERNORS;EconomicOperands;1
2018-CREDIT SUISSE.txt;CONTINGENT CAPITAL;EconomicOperands;2
2018-CREDIT SUISSE.txt;UNITED STATES CODE;LegalReferences;1
2018-CREDIT SUISSE.txt;HOLDING COMPANIES;EconomicOperands;3
2018-CREDIT SUISSE.txt;ANSWER QUESTIONS;EconomicOperands;1
2018-CREDIT SUISSE.txt;FINANCIAL CRISIS;EconomicOperands;1
2018-CREDIT SUISSE.txt;ADVERSE EFFECTS;EconomicOperands;1
2018-CREDIT SUISSE.txt;BANKRUPTCY CODE;EconomicOperands;4
2018-CREDIT SUISSE.txt;DECISION-MAKING;EconomicOperands;1
2018-CREDIT SUISSE.txt;FEDERAL RESERVE;EconomicOperands;1
2018-CREDIT SUISSE.txt;RESPONSIBLE FOR;EconomicOperands;1
2018-CREDIT SUISSE.txt;RISK MANAGEMENT;EconomicOperands;1
2018-CREDIT SUISSE.txt;VULNERABILITIES;EconomicOperands;1
2018-CREDIT SUISSE.txt;WITH RESPECT TO;LogicalConnectors;6
2018-CREDIT SUISSE.txt;BROKER-DEALERS;EconomicOperands;1
2018-CREDIT SUISSE.txt;COMMUNICATIONS;EconomicOperands;1
2018-CREDIT SUISSE.txt;IDENTIFICATION;EconomicOperands;1
2018-CREDIT SUISSE.txt;IMPLEMENTATION;EconomicOperands;1
2018-CREDIT SUISSE.txt;RELATED ACTION;EconomicOperands;1
2018-CREDIT SUISSE.txt;REORGANIZATION;EconomicOperands;1
2018-CREDIT SUISSE.txt;IN ADDITION TO;LogicalConnectors;1
2018-CREDIT SUISSE.txt;WITH REGARD TO;LogicalConnectors;1
2018-CREDIT SUISSE.txt;APPROPRIATELY;Attributes;1
2018-CREDIT SUISSE.txt;BALANCE SHEET;EconomicOperands;1
2018-CREDIT SUISSE.txt;COMMUNICATION;EconomicOperands;2
2018-CREDIT SUISSE.txt;COMPREHENSIVE;EconomicOperands;2
2018-CREDIT SUISSE.txt;CONSIDERATION;EconomicOperands;1
2018-CREDIT SUISSE.txt;FOREIGN-BASED;EconomicOperands;1
2018-CREDIT SUISSE.txt;INVESTIGATING;EconomicOperands;1
2018-CREDIT SUISSE.txt;INVESTIGATION;EconomicOperands;1
2018-CREDIT SUISSE.txt;JURISDICTIONS;EconomicOperands;2
2018-CREDIT SUISSE.txt;ORGANIZATIONS;EconomicOperands;1
2018-CREDIT SUISSE.txt;RELATIONSHIPS;EconomicOperands;1
2018-CREDIT SUISSE.txt;RESTRUCTURING;EconomicOperands;1
2018-CREDIT SUISSE.txt;UNITED STATES;EconomicOperands;17
2018-CREDIT SUISSE.txt;SUBSTANTIALLY;FunctionWords;1
2018-CREDIT SUISSE.txt;APPROXIMATELY;LogicalConnectors;2
2018-CREDIT SUISSE.txt;IN PARTICULAR;LogicalConnectors;2
2018-CREDIT SUISSE.txt;SUFFICIENTLY;Attributes;1
2018-CREDIT SUISSE.txt;ACCOMPLISHED;EconomicOperands;1
2018-CREDIT SUISSE.txt;CAPABILITIES;EconomicOperands;8
2018-CREDIT SUISSE.txt;COMMENCEMENT;EconomicOperands;1
2018-CREDIT SUISSE.txt;COMMUNICATED;EconomicOperands;1
2018-CREDIT SUISSE.txt;CONSEQUENCES;EconomicOperands;1
2018-CREDIT SUISSE.txt;CONSOLIDATED;EconomicOperands;3
2018-CREDIT SUISSE.txt;COORDINATION;EconomicOperands;4
2018-CREDIT SUISSE.txt;CROSS-BORDER;EconomicOperands;1
2018-CREDIT SUISSE.txt;DEFICIENCIES;EconomicOperands;1
2018-CREDIT SUISSE.txt;DEMONSTRATED;EconomicOperands;1
2018-CREDIT SUISSE.txt;ENHANCEMENTS;EconomicOperands;5
2018-CREDIT SUISSE.txt;EXPECTATIONS;EconomicOperands;3
2018-CREDIT SUISSE.txt;FOREIGN BANK;EconomicOperands;1
2018-CREDIT SUISSE.txt;FREQUENCY OF;EconomicOperands;1
2018-CREDIT SUISSE.txt;IMPLICATIONS;EconomicOperands;1
2018-CREDIT SUISSE.txt;IMPROVEMENTS;EconomicOperands;5
2018-CREDIT SUISSE.txt;INCORPORATED;EconomicOperands;2
2018-CREDIT SUISSE.txt;JURISDICTION;EconomicOperands;3
2018-CREDIT SUISSE.txt;REQUIREMENTS;EconomicOperands;3
2018-CREDIT SUISSE.txt;SHORTCOMINGS;EconomicOperands;4
2018-CREDIT SUISSE.txt;SUBSIDIARIES;EconomicOperands;4
2018-CREDIT SUISSE.txt;TRANSPARENCY;EconomicOperands;1
2018-CREDIT SUISSE.txt;SECTION 165D;LegalReferences;6
2018-CREDIT SUISSE.txt;THIS SECTION;LegalReferences;1
2018-CREDIT SUISSE.txt;PARTICULARLY;LogicalConnectors;2
2018-CREDIT SUISSE.txt;SPECIFICALLY;LogicalConnectors;1
2018-CREDIT SUISSE.txt;ESTABLISHING;RegulatoryOperators;1
2018-CREDIT SUISSE.txt;IMPLEMENTING;RegulatoryOperators;1
2018-CREDIT SUISSE.txt;APPROPRIATE;Attributes;4
2018-CREDIT SUISSE.txt;DECEMBER 31;Attributes;5
2018-CREDIT SUISSE.txt;SIGNIFICANT;Attributes;4
2018-CREDIT SUISSE.txt;SUBSTANTIAL;Attributes;1
2018-CREDIT SUISSE.txt;AUTHORITIES;EconomicOperands;7
2018-CREDIT SUISSE.txt;CENTRALIZED;EconomicOperands;1
2018-CREDIT SUISSE.txt;CONNECTIONS;EconomicOperands;1
2018-CREDIT SUISSE.txt;CONSISTS OF;EconomicOperands;1
2018-CREDIT SUISSE.txt;COOPERATION;EconomicOperands;1
2018-CREDIT SUISSE.txt;DEMONSTRATE;EconomicOperands;2
2018-CREDIT SUISSE.txt;DERIVATIVES;EconomicOperands;7
2018-CREDIT SUISSE.txt;DEVELOPMENT;EconomicOperands;1
2018-CREDIT SUISSE.txt;DIFFERENCES;EconomicOperands;1
2018-CREDIT SUISSE.txt;ENHANCEMENT;EconomicOperands;6
2018-CREDIT SUISSE.txt;FLEXIBILITY;EconomicOperands;1
2018-CREDIT SUISSE.txt;IDENTIFYING;EconomicOperands;1
2018-CREDIT SUISSE.txt;IMPEDIMENTS;EconomicOperands;1
2018-CREDIT SUISSE.txt;INFORMATION;EconomicOperands;4
2018-CREDIT SUISSE.txt;INITIATIVES;EconomicOperands;6
2018-CREDIT SUISSE.txt;INSTRUMENTS;EconomicOperands;1
2018-CREDIT SUISSE.txt;LIQUIDATION;EconomicOperands;1
2018-CREDIT SUISSE.txt;METHODOLOGY;EconomicOperands;1
2018-CREDIT SUISSE.txt;OPERATIONAL;EconomicOperands;3
2018-CREDIT SUISSE.txt;OUTSTANDING;EconomicOperands;1
2018-CREDIT SUISSE.txt;PROCEEDINGS;EconomicOperands;1
2018-CREDIT SUISSE.txt;RELIABILITY;EconomicOperands;2
2018-CREDIT SUISSE.txt;REPRESENTED;EconomicOperands;1
2018-CREDIT SUISSE.txt;REQUIREMENT;EconomicOperands;1
2018-CREDIT SUISSE.txt;SUBMISSIONS;EconomicOperands;2
2018-CREDIT SUISSE.txt;SUPERVISORY;EconomicOperands;2
2018-CREDIT SUISSE.txt;TERMINATION;EconomicOperands;1
2018-CREDIT SUISSE.txt;TRANSPARENT;EconomicOperands;1
2018-CREDIT SUISSE.txt;UNCERTAINTY;EconomicOperands;2
2018-CREDIT SUISSE.txt;UNDERTAKING;EconomicOperands;2
2018-CREDIT SUISSE.txt;IN LIGHT OF;FunctionWords;1
2018-CREDIT SUISSE.txt;AS A RESULT;LogicalConnectors;1
2018-CREDIT SUISSE.txt;CONSIDERING;LogicalConnectors;3
2018-CREDIT SUISSE.txt;FOR EXAMPLE;LogicalConnectors;1
2018-CREDIT SUISSE.txt;IN ADDITION;LogicalConnectors;3
2018-CREDIT SUISSE.txt;CONSISTENT;Attributes;3
2018-CREDIT SUISSE.txt;REASONABLE;Attributes;1
2018-CREDIT SUISSE.txt;SUFFICIENT;Attributes;2
2018-CREDIT SUISSE.txt;ACTIVITIES;EconomicOperands;9
2018-CREDIT SUISSE.txt;AFFILIATES;EconomicOperands;2
2018-CREDIT SUISSE.txt;AGGREGATED;EconomicOperands;1
2018-CREDIT SUISSE.txt;ALLOCATION;EconomicOperands;2
2018-CREDIT SUISSE.txt;ANTICIPATE;EconomicOperands;1
2018-CREDIT SUISSE.txt;BACKGROUND;EconomicOperands;1
2018-CREDIT SUISSE.txt;BANKRUPTCY;EconomicOperands;5
2018-CREDIT SUISSE.txt;BASED UPON;EconomicOperands;1
2018-CREDIT SUISSE.txt;BUSINESSES;EconomicOperands;1
2018-CREDIT SUISSE.txt;CALCULATED;EconomicOperands;1
2018-CREDIT SUISSE.txt;COMPLETION;EconomicOperands;3
2018-CREDIT SUISSE.txt;COMPLIANCE;EconomicOperands;1
2018-CREDIT SUISSE.txt;COMPONENTS;EconomicOperands;1
2018-CREDIT SUISSE.txt;CONCLUSION;EconomicOperands;1
2018-CREDIT SUISSE.txt;CONDITIONS;EconomicOperands;2
2018-CREDIT SUISSE.txt;CONFIDENCE;EconomicOperands;1
2018-CREDIT SUISSE.txt;CONTINUING;EconomicOperands;1
2018-CREDIT SUISSE.txt;CONTRIBUTE;EconomicOperands;1
2018-CREDIT SUISSE.txt;CONTROLLED;EconomicOperands;1
2018-CREDIT SUISSE.txt;COORDINATE;EconomicOperands;2
2018-CREDIT SUISSE.txt;DAY-TO-DAY;EconomicOperands;1
2018-CREDIT SUISSE.txt;DEVELOPING;EconomicOperands;3
2018-CREDIT SUISSE.txt;DISCUSSION;EconomicOperands;1
2018-CREDIT SUISSE.txt;ENGAGEMENT;EconomicOperands;1
2018-CREDIT SUISSE.txt;EVALUATING;EconomicOperands;1
2018-CREDIT SUISSE.txt;EXPERIENCE;EconomicOperands;1
2018-CREDIT SUISSE.txt;EXPLICITLY;EconomicOperands;1
2018-CREDIT SUISSE.txt;FACILITATE;EconomicOperands;8
2018-CREDIT SUISSE.txt;GOVERNANCE;EconomicOperands;2
2018-CREDIT SUISSE.txt;GUARANTEES;EconomicOperands;1
2018-CREDIT SUISSE.txt;IMPLEMENTS;EconomicOperands;1
2018-CREDIT SUISSE.txt;IMPORTANCE;EconomicOperands;1
2018-CREDIT SUISSE.txt;INCREASING;EconomicOperands;1
2018-CREDIT SUISSE.txt;INITIATIVE;EconomicOperands;3
2018-CREDIT SUISSE.txt;LIKELIHOOD;EconomicOperands;4
2018-CREDIT SUISSE.txt;MAINTAINED;EconomicOperands;1
2018-CREDIT SUISSE.txt;MANAGEMENT;EconomicOperands;5
2018-CREDIT SUISSE.txt;MEANINGFUL;EconomicOperands;1
2018-CREDIT SUISSE.txt;MECHANISMS;EconomicOperands;1
2018-CREDIT SUISSE.txt;MITIGATION;EconomicOperands;1
2018-CREDIT SUISSE.txt;OBJECTIVES;EconomicOperands;1
2018-CREDIT SUISSE.txt;OPERATIONS;EconomicOperands;20
2018-CREDIT SUISSE.txt;PROCEDURES;EconomicOperands;4
2018-CREDIT SUISSE.txt;PROCEEDING;EconomicOperands;1
2018-CREDIT SUISSE.txt;PROVISIONS;EconomicOperands;1
2018-CREDIT SUISSE.txt;REGULATION;EconomicOperands;5
2018-CREDIT SUISSE.txt;REGULATORY;EconomicOperands;1
2018-CREDIT SUISSE.txt;RESOLUTION;EconomicOperands;77
2018-CREDIT SUISSE.txt;RESPECTIVE;EconomicOperands;1
2018-CREDIT SUISSE.txt;SECURITIES;EconomicOperands;1
2018-CREDIT SUISSE.txt;SETTLEMENT;EconomicOperands;3
2018-CREDIT SUISSE.txt;STRATEGIES;EconomicOperands;3
2018-CREDIT SUISSE.txt;STREAMLINE;EconomicOperands;1
2018-CREDIT SUISSE.txt;STRUCTURAL;EconomicOperands;1
2018-CREDIT SUISSE.txt;STRUCTURES;EconomicOperands;1
2018-CREDIT SUISSE.txt;SUBMISSION;EconomicOperands;5
2018-CREDIT SUISSE.txt;SUBMITTING;EconomicOperands;1
2018-CREDIT SUISSE.txt;SUBSIDIARY;EconomicOperands;2
2018-CREDIT SUISSE.txt;SUCCESSFUL;EconomicOperands;2
2018-CREDIT SUISSE.txt;SUPPORTING;EconomicOperands;2
2018-CREDIT SUISSE.txt;ULTIMATELY;EconomicOperands;1
2018-CREDIT SUISSE.txt;VOLATILITY;EconomicOperands;1
2018-CREDIT SUISSE.txt;IDENTIFIED;FunctionWords;11
2018-CREDIT SUISSE.txt;AS WELL AS;LogicalConnectors;3
2018-CREDIT SUISSE.txt;EXCEPTIONS;LogicalConnectors;1
2018-CREDIT SUISSE.txt;LIMITED TO;LogicalConnectors;3
2018-CREDIT SUISSE.txt;SUBJECT TO;LogicalConnectors;1
2018-CREDIT SUISSE.txt;ADDITIONAL;MathematicalOperators;1
2018-CREDIT SUISSE.txt;DESIGNATED;RegulatoryOperators;1
2018-CREDIT SUISSE.txt;NECESSARY;Attributes;3
2018-CREDIT SUISSE.txt;PRESENTLY;Attributes;2
2018-CREDIT SUISSE.txt;REGULARLY;Attributes;1
2018-CREDIT SUISSE.txt;ADDRESSED;EconomicOperands;4
2018-CREDIT SUISSE.txt;ADHERENCE;EconomicOperands;1
2018-CREDIT SUISSE.txt;AGGREGATE;EconomicOperands;1
2018-CREDIT SUISSE.txt;AGREEMENT;EconomicOperands;3
2018-CREDIT SUISSE.txt;AUTHORITY;EconomicOperands;1
2018-CREDIT SUISSE.txt;AUTOMATED;EconomicOperands;1
2018-CREDIT SUISSE.txt;AVAILABLE;EconomicOperands;4
2018-CREDIT SUISSE.txt;COMPANIES;EconomicOperands;3
2018-CREDIT SUISSE.txt;COMPLETED;EconomicOperands;3
2018-CREDIT SUISSE.txt;CONDUCTED;EconomicOperands;1
2018-CREDIT SUISSE.txt;CONSIDERS;EconomicOperands;1
2018-CREDIT SUISSE.txt;CONTINUED;EconomicOperands;1
2018-CREDIT SUISSE.txt;CONTRACTS;EconomicOperands;2
2018-CREDIT SUISSE.txt;CURRENTLY;EconomicOperands;1
2018-CREDIT SUISSE.txt;DATABASES;EconomicOperands;1
2018-CREDIT SUISSE.txt;DECISIONS;EconomicOperands;2
2018-CREDIT SUISSE.txt;DEVELOPED;EconomicOperands;4
2018-CREDIT SUISSE.txt;DISCUSSED;EconomicOperands;1
2018-CREDIT SUISSE.txt;DOMICILED;EconomicOperands;3
2018-CREDIT SUISSE.txt;ESTIMATES;EconomicOperands;2
2018-CREDIT SUISSE.txt;EXECUTION;EconomicOperands;1
2018-CREDIT SUISSE.txt;FINANCIAL;EconomicOperands;5
2018-CREDIT SUISSE.txt;FORECASTS;EconomicOperands;8
2018-CREDIT SUISSE.txt;FORMATION;EconomicOperands;1
2018-CREDIT SUISSE.txt;FRAMEWORK;EconomicOperands;13
2018-CREDIT SUISSE.txt;GOVERNING;EconomicOperands;1
2018-CREDIT SUISSE.txt;IMPORTANT;EconomicOperands;3
2018-CREDIT SUISSE.txt;INFORMING;EconomicOperands;1
2018-CREDIT SUISSE.txt;INVOLVING;EconomicOperands;2
2018-CREDIT SUISSE.txt;LIQUIDITY;EconomicOperands;7
2018-CREDIT SUISSE.txt;LONG-TERM;EconomicOperands;1
2018-CREDIT SUISSE.txt;OBJECTIVE;EconomicOperands;1
2018-CREDIT SUISSE.txt;OPERATING;EconomicOperands;1
2018-CREDIT SUISSE.txt;ORGANIZED;EconomicOperands;3
2018-CREDIT SUISSE.txt;ORIGINATE;EconomicOperands;1
2018-CREDIT SUISSE.txt;OVERSIGHT;EconomicOperands;1
2018-CREDIT SUISSE.txt;POSITIONS;EconomicOperands;1
2018-CREDIT SUISSE.txt;PRACTICES;EconomicOperands;3
2018-CREDIT SUISSE.txt;PREFERRED;EconomicOperands;3
2018-CREDIT SUISSE.txt;PRESENTED;EconomicOperands;3
2018-CREDIT SUISSE.txt;PROACTIVE;EconomicOperands;1
2018-CREDIT SUISSE.txt;PROCESSES;EconomicOperands;1
2018-CREDIT SUISSE.txt;PROVIDERS;EconomicOperands;1
2018-CREDIT SUISSE.txt;QUESTIONS;EconomicOperands;1
2018-CREDIT SUISSE.txt;REDUNDANT;EconomicOperands;1
2018-CREDIT SUISSE.txt;REFLECTED;EconomicOperands;1
2018-CREDIT SUISSE.txt;REPORTING;EconomicOperands;6
2018-CREDIT SUISSE.txt;RESOURCES;EconomicOperands;6
2018-CREDIT SUISSE.txt;REVIEWING;EconomicOperands;2
2018-CREDIT SUISSE.txt;SITUATION;EconomicOperands;1
2018-CREDIT SUISSE.txt;SOUNDNESS;EconomicOperands;1
2018-CREDIT SUISSE.txt;STANDARDS;EconomicOperands;1
2018-CREDIT SUISSE.txt;STRUCTURE;EconomicOperands;2
2018-CREDIT SUISSE.txt;SUBMITTED;EconomicOperands;1
2018-CREDIT SUISSE.txt;TRANSFERS;EconomicOperands;1
2018-CREDIT SUISSE.txt;UNSECURED;EconomicOperands;2
2018-CREDIT SUISSE.txt;DIFFERENT;FunctionWords;3
2018-CREDIT SUISSE.txt;FOLLOWING;FunctionWords;2
2018-CREDIT SUISSE.txt;SECTION 6;LegalReferences;2
2018-CREDIT SUISSE.txt;INCLUDING;LogicalConnectors;9
2018-CREDIT SUISSE.txt;INDICATES;LogicalConnectors;1
2018-CREDIT SUISSE.txt;OTHERWISE;LogicalConnectors;1
2018-CREDIT SUISSE.txt;REGARDING;LogicalConnectors;7
2018-CREDIT SUISSE.txt;DESCRIBED;Other;5
2018-CREDIT SUISSE.txt;EFFECTIVE;Other;2
2018-CREDIT SUISSE.txt;APPROVALS;RegulatoryOperators;1
2018-CREDIT SUISSE.txt;DETERMINE;RegulatoryOperators;5
2018-CREDIT SUISSE.txt;MITIGATES;RegulatoryOperators;1
2018-CREDIT SUISSE.txt;REQUIRING;RegulatoryOperators;1
2018-CREDIT SUISSE.txt;SATISFIES;RegulatoryOperators;1
2018-CREDIT SUISSE.txt;SPECIFIED;RegulatoryOperators;1
2018-CREDIT SUISSE.txt;CREDIBLE;Attributes;2
2018-CREDIT SUISSE.txt;POSSIBLE;Attributes;1
2018-CREDIT SUISSE.txt;RELEVANT;Attributes;1
2018-CREDIT SUISSE.txt;ACCURACY;EconomicOperands;1
2018-CREDIT SUISSE.txt;ACTIVITY;EconomicOperands;1
2018-CREDIT SUISSE.txt;AGENCIES;EconomicOperands;43
2018-CREDIT SUISSE.txt;ALLOCATE;EconomicOperands;1
2018-CREDIT SUISSE.txt;APPARENT;EconomicOperands;1
2018-CREDIT SUISSE.txt;APPROACH;EconomicOperands;1
2018-CREDIT SUISSE.txt;ASSESSED;EconomicOperands;1
2018-CREDIT SUISSE.txt;BELIEVES;EconomicOperands;1
2018-CREDIT SUISSE.txt;BRANCHES;EconomicOperands;1
2018-CREDIT SUISSE.txt;BUSINESS;EconomicOperands;8
2018-CREDIT SUISSE.txt;CAPACITY;EconomicOperands;2
2018-CREDIT SUISSE.txt;CLEARING;EconomicOperands;3
2018-CREDIT SUISSE.txt;COMBINED;EconomicOperands;1
2018-CREDIT SUISSE.txt;COMPLETE;EconomicOperands;6
2018-CREDIT SUISSE.txt;CONCERNS;EconomicOperands;2
2018-CREDIT SUISSE.txt;CONSIDER;EconomicOperands;2
2018-CREDIT SUISSE.txt;CONTINUE;EconomicOperands;4
2018-CREDIT SUISSE.txt;CONTROLS;EconomicOperands;4
2018-CREDIT SUISSE.txt;COVERAGE;EconomicOperands;1
2018-CREDIT SUISSE.txt;CRITERIA;EconomicOperands;3
2018-CREDIT SUISSE.txt;CRITICAL;EconomicOperands;11
2018-CREDIT SUISSE.txt;DEADLINE;EconomicOperands;1
2018-CREDIT SUISSE.txt;DESIGNED;EconomicOperands;4
2018-CREDIT SUISSE.txt;DETAILED;EconomicOperands;2
2018-CREDIT SUISSE.txt;DISTRESS;EconomicOperands;1
2018-CREDIT SUISSE.txt;DIVISION;EconomicOperands;1
2018-CREDIT SUISSE.txt;DOCUMENT;EconomicOperands;2
2018-CREDIT SUISSE.txt;DOMESTIC;EconomicOperands;1
2018-CREDIT SUISSE.txt;ENHANCED;EconomicOperands;1
2018-CREDIT SUISSE.txt;ENTERING;EconomicOperands;1
2018-CREDIT SUISSE.txt;ENTITIES;EconomicOperands;11
2018-CREDIT SUISSE.txt;ESTIMATE;EconomicOperands;1
2018-CREDIT SUISSE.txt;EVIDENCE;EconomicOperands;1
2018-CREDIT SUISSE.txt;EXISTING;EconomicOperands;1
2018-CREDIT SUISSE.txt;EXPECTED;EconomicOperands;1
2018-CREDIT SUISSE.txt;EXTENDED;EconomicOperands;2
2018-CREDIT SUISSE.txt;FUNCTION;EconomicOperands;1
2018-CREDIT SUISSE.txt;GUIDANCE;EconomicOperands;9
2018-CREDIT SUISSE.txt;HOLDINGS;EconomicOperands;1
2018-CREDIT SUISSE.txt;INCLUDED;EconomicOperands;1
2018-CREDIT SUISSE.txt;INCLUDES;EconomicOperands;4
2018-CREDIT SUISSE.txt;INDICATE;EconomicOperands;2
2018-CREDIT SUISSE.txt;INDIRECT;EconomicOperands;1
2018-CREDIT SUISSE.txt;INSTANCE;EconomicOperands;1
2018-CREDIT SUISSE.txt;INTERNAL;EconomicOperands;3
2018-CREDIT SUISSE.txt;LANGUAGE;EconomicOperands;1
2018-CREDIT SUISSE.txt;LINKAGES;EconomicOperands;1
2018-CREDIT SUISSE.txt;MAINTAIN;EconomicOperands;3
2018-CREDIT SUISSE.txt;MATERIAL;EconomicOperands;10
2018-CREDIT SUISSE.txt;MEASURES;EconomicOperands;1
2018-CREDIT SUISSE.txt;MULTIPLE;EconomicOperands;1
2018-CREDIT SUISSE.txt;PLANNING;EconomicOperands;3
2018-CREDIT SUISSE.txt;POLICIES;EconomicOperands;3
2018-CREDIT SUISSE.txt;POSITION;EconomicOperands;4
2018-CREDIT SUISSE.txt;PRODUCED;EconomicOperands;1
2018-CREDIT SUISSE.txt;PROGRESS;EconomicOperands;4
2018-CREDIT SUISSE.txt;PROJECTS;EconomicOperands;1
2018-CREDIT SUISSE.txt;PROVIDES;EconomicOperands;1
2018-CREDIT SUISSE.txt;PUBLICLY;EconomicOperands;1
2018-CREDIT SUISSE.txt;PURCHASE;EconomicOperands;2
2018-CREDIT SUISSE.txt;RECEIVED;EconomicOperands;2
2018-CREDIT SUISSE.txt;REGIONAL;EconomicOperands;1
2018-CREDIT SUISSE.txt;RELIABLE;EconomicOperands;2
2018-CREDIT SUISSE.txt;REQUESTS;EconomicOperands;1
2018-CREDIT SUISSE.txt;RESOURCE;EconomicOperands;3
2018-CREDIT SUISSE.txt;RESPONSE;EconomicOperands;3
2018-CREDIT SUISSE.txt;REVIEWED;EconomicOperands;1
2018-CREDIT SUISSE.txt;SCHEDULE;EconomicOperands;3
2018-CREDIT SUISSE.txt;SEPARATE;EconomicOperands;1
2018-CREDIT SUISSE.txt;SERVICES;EconomicOperands;8
2018-CREDIT SUISSE.txt;SIMPLIFY;EconomicOperands;1
2018-CREDIT SUISSE.txt;STRATEGY;EconomicOperands;15
2018-CREDIT SUISSE.txt;SYSTEMIC;EconomicOperands;1
2018-CREDIT SUISSE.txt;TREASURY;EconomicOperands;1
2018-CREDIT SUISSE.txt;VALIDATE;EconomicOperands;1
2018-CREDIT SUISSE.txt;DOES NOT;FunctionWords;1
2018-CREDIT SUISSE.txt;MODIFIED;FunctionWords;1
2018-CREDIT SUISSE.txt;SPECIFIC;FunctionWords;1
2018-CREDIT SUISSE.txt;TOGETHER;FunctionWords;1
2018-CREDIT SUISSE.txt;TITLE 11;LegalReferences;1
2018-CREDIT SUISSE.txt;PROVIDED;LogicalConnectors;5
2018-CREDIT SUISSE.txt;INCREASE;MathematicalOperators;4
2018-CREDIT SUISSE.txt;MAXIMIZE;MathematicalOperators;1
2018-CREDIT SUISSE.txt;MINIMIZE;MathematicalOperators;2
2018-CREDIT SUISSE.txt;AMENDING;Other;2
2018-CREDIT SUISSE.txt;BASED ON;Other;5
2018-CREDIT SUISSE.txt;MEANINGS;Other;1
2018-CREDIT SUISSE.txt;ENSURING;RegulatoryOperators;2
2018-CREDIT SUISSE.txt;EVALUATE;RegulatoryOperators;1
2018-CREDIT SUISSE.txt;PREVENTS;RegulatoryOperators;2
2018-CREDIT SUISSE.txt;REQUIRED;RegulatoryOperators;3
2018-CREDIT SUISSE.txt;REQUIRES;RegulatoryOperators;3
2018-CREDIT SUISSE.txt;APRIL 5;Attributes;1
2018-CREDIT SUISSE.txt;JUNE 30;Attributes;4
2018-CREDIT SUISSE.txt;QUARTER;Attributes;2
2018-CREDIT SUISSE.txt;SERIOUS;Attributes;1
2018-CREDIT SUISSE.txt;ABILITY;EconomicOperands;15
2018-CREDIT SUISSE.txt;ACCOUNT;EconomicOperands;1
2018-CREDIT SUISSE.txt;ACTIONS;EconomicOperands;3
2018-CREDIT SUISSE.txt;ADDRESS;EconomicOperands;6
2018-CREDIT SUISSE.txt;ASCRIBE;EconomicOperands;1
2018-CREDIT SUISSE.txt;BANKING;EconomicOperands;1
2018-CREDIT SUISSE.txt;BENEFIT;EconomicOperands;1
2018-CREDIT SUISSE.txt;BROADLY;EconomicOperands;1
2018-CREDIT SUISSE.txt;CAPITAL;EconomicOperands;12
2018-CREDIT SUISSE.txt;CAPTURE;EconomicOperands;2
2018-CREDIT SUISSE.txt;CATALOG;EconomicOperands;1
2018-CREDIT SUISSE.txt;CHANGES;EconomicOperands;2
2018-CREDIT SUISSE.txt;CLIENTS;EconomicOperands;1
2018-CREDIT SUISSE.txt;COMPANY;EconomicOperands;22
2018-CREDIT SUISSE.txt;CONDUCT;EconomicOperands;1
2018-CREDIT SUISSE.txt;CONFIRM;EconomicOperands;1
2018-CREDIT SUISSE.txt;CONTACT;EconomicOperands;1
2018-CREDIT SUISSE.txt;CONTROL;EconomicOperands;1
2018-CREDIT SUISSE.txt;COUNTRY;EconomicOperands;12
2018-CREDIT SUISSE.txt;COVERED;EconomicOperands;10
2018-CREDIT SUISSE.txt;DEFINED;EconomicOperands;1
2018-CREDIT SUISSE.txt;DEVELOP;EconomicOperands;2
2018-CREDIT SUISSE.txt;EFFECTS;EconomicOperands;1
2018-CREDIT SUISSE.txt;EFFORTS;EconomicOperands;4
2018-CREDIT SUISSE.txt;ENHANCE;EconomicOperands;3
2018-CREDIT SUISSE.txt;EXECUTE;EconomicOperands;2
2018-CREDIT SUISSE.txt;EXHIBIT;EconomicOperands;3
2018-CREDIT SUISSE.txt;FAILURE;EconomicOperands;3
2018-CREDIT SUISSE.txt;FINANCE;EconomicOperands;1
2018-CREDIT SUISSE.txt;FOCUSED;EconomicOperands;1
2018-CREDIT SUISSE.txt;FOREIGN;EconomicOperands;13
2018-CREDIT SUISSE.txt;HELPING;EconomicOperands;1
2018-CREDIT SUISSE.txt;IMPROVE;EconomicOperands;3
2018-CREDIT SUISSE.txt;INCLUDE;EconomicOperands;12
2018-CREDIT SUISSE.txt;MARKETS;EconomicOperands;1
2018-CREDIT SUISSE.txt;MONITOR;EconomicOperands;1
2018-CREDIT SUISSE.txt;ONGOING;EconomicOperands;5
2018-CREDIT SUISSE.txt;OPTIONS;EconomicOperands;1
2018-CREDIT SUISSE.txt;ORDERLY;EconomicOperands;8
2018-CREDIT SUISSE.txt;OUTCOME;EconomicOperands;1
2018-CREDIT SUISSE.txt;PAYMENT;EconomicOperands;3
2018-CREDIT SUISSE.txt;PLANNED;EconomicOperands;3
2018-CREDIT SUISSE.txt;PROCESS;EconomicOperands;11
2018-CREDIT SUISSE.txt;PRODUCE;EconomicOperands;3
2018-CREDIT SUISSE.txt;PROFILE;EconomicOperands;1
2018-CREDIT SUISSE.txt;PROJECT;EconomicOperands;4
2018-CREDIT SUISSE.txt;PROVIDE;EconomicOperands;5
2018-CREDIT SUISSE.txt;QUICKLY;EconomicOperands;1
2018-CREDIT SUISSE.txt;RECEIVE;EconomicOperands;1
2018-CREDIT SUISSE.txt;REDUCED;EconomicOperands;2
2018-CREDIT SUISSE.txt;REDUCES;EconomicOperands;1
2018-CREDIT SUISSE.txt;REMAINS;EconomicOperands;1
2018-CREDIT SUISSE.txt;REVISED;EconomicOperands;1
2018-CREDIT SUISSE.txt;SATISFY;EconomicOperands;1
2018-CREDIT SUISSE.txt;SERVICE;EconomicOperands;3
2018-CREDIT SUISSE.txt;SUCCESS;EconomicOperands;1
2018-CREDIT SUISSE.txt;SUPPORT;EconomicOperands;13
2018-CREDIT SUISSE.txt;SYSTEMS;EconomicOperands;2
2018-CREDIT SUISSE.txt;TESTING;EconomicOperands;5
2018-CREDIT SUISSE.txt;UPDATES;EconomicOperands;1
2018-CREDIT SUISSE.txt;UTILIZE;EconomicOperands;1
2018-CREDIT SUISSE.txt;WEBSITE;EconomicOperands;1
2018-CREDIT SUISSE.txt;WRITING;EconomicOperands;1
2018-CREDIT SUISSE.txt;WRITTEN;EconomicOperands;2
2018-CREDIT SUISSE.txt;BETWEEN;FunctionWords;6
2018-CREDIT SUISSE.txt;CERTAIN;FunctionWords;3
2018-CREDIT SUISSE.txt;CURRENT;FunctionWords;2
2018-CREDIT SUISSE.txt;FAILING;FunctionWords;1
2018-CREDIT SUISSE.txt;MATTERS;FunctionWords;2
2018-CREDIT SUISSE.txt;OUTSIDE;FunctionWords;2
2018-CREDIT SUISSE.txt;RELATED;FunctionWords;7
2018-CREDIT SUISSE.txt;SEVERAL;FunctionWords;1
2018-CREDIT SUISSE.txt;THROUGH;FunctionWords;1
2018-CREDIT SUISSE.txt;VARIOUS;FunctionWords;1
2018-CREDIT SUISSE.txt;WITHOUT;FunctionWords;1
2018-CREDIT SUISSE.txt;SECTION;LegalReferences;3
2018-CREDIT SUISSE.txt;JOINTLY;LogicalConnectors;5
2018-CREDIT SUISSE.txt;BECAUSE;LogicalConnectors;1
2018-CREDIT SUISSE.txt;FINALLY;LogicalConnectors;1
2018-CREDIT SUISSE.txt;FURTHER;LogicalConnectors;2
2018-CREDIT SUISSE.txt;HOWEVER;LogicalConnectors;2
2018-CREDIT SUISSE.txt;SIMILAR;LogicalConnectors;1
2018-CREDIT SUISSE.txt;SUCH AS;LogicalConnectors;3
2018-CREDIT SUISSE.txt;THAT IS;LogicalConnectors;3
2018-CREDIT SUISSE.txt;THEREBY;LogicalConnectors;1
2018-CREDIT SUISSE.txt;WHETHER;LogicalConnectors;4
2018-CREDIT SUISSE.txt;MINIMUM;MathematicalOperators;2
2018-CREDIT SUISSE.txt;MEANING;Other;1
2018-CREDIT SUISSE.txt;MANDATE;RegulatoryOperators;1
2018-CREDIT SUISSE.txt;AMENDED;RegulatoryOperators;1
2018-CREDIT SUISSE.txt;CONFORM;RegulatoryOperators;1
2018-CREDIT SUISSE.txt;PREVENT;RegulatoryOperators;1
2018-CREDIT SUISSE.txt;REQUIRE;RegulatoryOperators;2
2018-CREDIT SUISSE.txt;BETTER;Attributes;1
2018-CREDIT SUISSE.txt;HIGHLY;Attributes;1
2018-CREDIT SUISSE.txt;TIMELY;Attributes;5
2018-CREDIT SUISSE.txt;ABSORB;EconomicOperands;3
2018-CREDIT SUISSE.txt;ACCESS;EconomicOperands;6
2018-CREDIT SUISSE.txt;ACTION;EconomicOperands;2
2018-CREDIT SUISSE.txt;ACTUAL;EconomicOperands;1
2018-CREDIT SUISSE.txt;AGENCY;EconomicOperands;1
2018-CREDIT SUISSE.txt;AMOUNT;EconomicOperands;2
2018-CREDIT SUISSE.txt;ANNUAL;EconomicOperands;2
2018-CREDIT SUISSE.txt;ASSETS;EconomicOperands;2
2018-CREDIT SUISSE.txt;ASSIST;EconomicOperands;1
2018-CREDIT SUISSE.txt;ASSUME;EconomicOperands;1
2018-CREDIT SUISSE.txt;BECAME;EconomicOperands;1
2018-CREDIT SUISSE.txt;BOARDS;EconomicOperands;1
2018-CREDIT SUISSE.txt;BODIES;EconomicOperands;1
2018-CREDIT SUISSE.txt;BRANCH;EconomicOperands;5
2018-CREDIT SUISSE.txt;BROKER;EconomicOperands;1
2018-CREDIT SUISSE.txt;CHANGE;EconomicOperands;3
2018-CREDIT SUISSE.txt;CREDIT;EconomicOperands;54
2018-CREDIT SUISSE.txt;DEALER;EconomicOperands;1
2018-CREDIT SUISSE.txt;DECIDE;EconomicOperands;1
2018-CREDIT SUISSE.txt;EFFORT;EconomicOperands;1
2018-CREDIT SUISSE.txt;ENGAGE;EconomicOperands;2
2018-CREDIT SUISSE.txt;ENTERS;EconomicOperands;1
2018-CREDIT SUISSE.txt;ENTITY;EconomicOperands;10
2018-CREDIT SUISSE.txt;EQUITY;EconomicOperands;2
2018-CREDIT SUISSE.txt;EXPECT;EconomicOperands;4
2018-CREDIT SUISSE.txt;EXTEND;EconomicOperands;1
2018-CREDIT SUISSE.txt;FACTOR;EconomicOperands;3
2018-CREDIT SUISSE.txt;FORMAL;EconomicOperands;2
2018-CREDIT SUISSE.txt;FUTURE;EconomicOperands;1
2018-CREDIT SUISSE.txt;GLOBAL;EconomicOperands;7
2018-CREDIT SUISSE.txt;HARBOR;EconomicOperands;1
2018-CREDIT SUISSE.txt;IMPACT;EconomicOperands;2
2018-CREDIT SUISSE.txt;INTENT;EconomicOperands;1
2018-CREDIT SUISSE.txt;ISSUED;EconomicOperands;1
2018-CREDIT SUISSE.txt;ISSUES;EconomicOperands;1
2018-CREDIT SUISSE.txt;LINKED;EconomicOperands;1
2018-CREDIT SUISSE.txt;LOSSES;EconomicOperands;2
2018-CREDIT SUISSE.txt;MARKET;EconomicOperands;1
2018-CREDIT SUISSE.txt;NATURE;EconomicOperands;2
2018-CREDIT SUISSE.txt;NEEDED;EconomicOperands;7
2018-CREDIT SUISSE.txt;OFFICE;EconomicOperands;2
2018-CREDIT SUISSE.txt;PARENT;EconomicOperands;7
2018-CREDIT SUISSE.txt;PERIOD;EconomicOperands;2
2018-CREDIT SUISSE.txt;POLICY;EconomicOperands;1
2018-CREDIT SUISSE.txt;PUBLIC;EconomicOperands;1
2018-CREDIT SUISSE.txt;RATING;EconomicOperands;1
2018-CREDIT SUISSE.txt;REMAIN;EconomicOperands;3
2018-CREDIT SUISSE.txt;REPORT;EconomicOperands;6
2018-CREDIT SUISSE.txt;REVIEW;EconomicOperands;6
2018-CREDIT SUISSE.txt;REVISE;EconomicOperands;1
2018-CREDIT SUISSE.txt;SAFETY;EconomicOperands;1
2018-CREDIT SUISSE.txt;SEARCH;EconomicOperands;4
2018-CREDIT SUISSE.txt;SERVED;EconomicOperands;1
2018-CREDIT SUISSE.txt;SHARED;EconomicOperands;2
2018-CREDIT SUISSE.txt;SINGLE;EconomicOperands;1
2018-CREDIT SUISSE.txt;SPREAD;EconomicOperands;1
2018-CREDIT SUISSE.txt;STATUS;EconomicOperands;1
2018-CREDIT SUISSE.txt;STRESS;EconomicOperands;5
2018-CREDIT SUISSE.txt;SUBMIT;EconomicOperands;1
2018-CREDIT SUISSE.txt;SYSTEM;EconomicOperands;1
2018-CREDIT SUISSE.txt;TAKING;EconomicOperands;1
2018-CREDIT SUISSE.txt;TARGET;EconomicOperands;1
2018-CREDIT SUISSE.txt;TESTED;EconomicOperands;2
2018-CREDIT SUISSE.txt;TIER 1;EconomicOperands;1
2018-CREDIT SUISSE.txt;TIMING;EconomicOperands;1
2018-CREDIT SUISSE.txt;TITLED;EconomicOperands;1
2018-CREDIT SUISSE.txt;UNABLE;EconomicOperands;1
2018-CREDIT SUISSE.txt;ACROSS;FunctionWords;1
2018-CREDIT SUISSE.txt;BEYOND;FunctionWords;1
2018-CREDIT SUISSE.txt;COMMON;FunctionWords;1
2018-CREDIT SUISSE.txt;DURING;FunctionWords;6
2018-CREDIT SUISSE.txt;MAKING;FunctionWords;1
2018-CREDIT SUISSE.txt;PART I;LegalReferences;1
2018-CREDIT SUISSE.txt;BEFORE;LogicalConnectors;1
2018-CREDIT SUISSE.txt;ENTIRE;LogicalConnectors;1
2018-CREDIT SUISSE.txt;HEREIN;LogicalConnectors;1
2018-CREDIT SUISSE.txt;RATHER;LogicalConnectors;1
2018-CREDIT SUISSE.txt;WITHIN;LogicalConnectors;4
2018-CREDIT SUISSE.txt;MANNER;Other;1
2018-CREDIT SUISSE.txt;MATTER;Other;1
2018-CREDIT SUISSE.txt;LIMITS;RegulatoryOperators;2
2018-CREDIT SUISSE.txt;SHOULD;RegulatoryOperators;21
2018-CREDIT SUISSE.txt;CANNOT;RegulatoryOperators;1
2018-CREDIT SUISSE.txt;COMPLY;RegulatoryOperators;2
2018-CREDIT SUISSE.txt;ENSURE;RegulatoryOperators;6
2018-CREDIT SUISSE.txt;AGENT;EconomicOperands;1
2018-CREDIT SUISSE.txt;ARISE;EconomicOperands;1
2018-CREDIT SUISSE.txt;ASSET;EconomicOperands;1
2018-CREDIT SUISSE.txt;AUDIT;EconomicOperands;1
2018-CREDIT SUISSE.txt;BANKS;EconomicOperands;1
2018-CREDIT SUISSE.txt;BOARD;EconomicOperands;4
2018-CREDIT SUISSE.txt;BOOKS;EconomicOperands;1
2018-CREDIT SUISSE.txt;CLOSE;EconomicOperands;1
2018-CREDIT SUISSE.txt;EARLY;EconomicOperands;1
2018-CREDIT SUISSE.txt;ENTER;EconomicOperands;2
2018-CREDIT SUISSE.txt;ENTRY;EconomicOperands;1
2018-CREDIT SUISSE.txt;EVENT;EconomicOperands;3
2018-CREDIT SUISSE.txt;FILED;EconomicOperands;1
2018-CREDIT SUISSE.txt;FIRMS;EconomicOperands;8
2018-CREDIT SUISSE.txt;FLOWS;EconomicOperands;1
2018-CREDIT SUISSE.txt;FOCUS;EconomicOperands;4
2018-CREDIT SUISSE.txt;GOALS;EconomicOperands;1
2018-CREDIT SUISSE.txt;GROUP;EconomicOperands;9
2018-CREDIT SUISSE.txt;JOINT;EconomicOperands;1
2018-CREDIT SUISSE.txt;LARGE;EconomicOperands;1
2018-CREDIT SUISSE.txt;LEASE;EconomicOperands;1
2018-CREDIT SUISSE.txt;LEGAL;EconomicOperands;7
2018-CREDIT SUISSE.txt;LEVEL;EconomicOperands;3
2018-CREDIT SUISSE.txt;LINES;EconomicOperands;3
2018-CREDIT SUISSE.txt;MEANS;EconomicOperands;1
2018-CREDIT SUISSE.txt;MEDIA;EconomicOperands;1
2018-CREDIT SUISSE.txt;MODEL;EconomicOperands;3
2018-CREDIT SUISSE.txt;NEEDS;EconomicOperands;2
2018-CREDIT SUISSE.txt;OCCUR;EconomicOperands;2
2018-CREDIT SUISSE.txt;PLANS;EconomicOperands;4
2018-CREDIT SUISSE.txt;POINT;EconomicOperands;1
2018-CREDIT SUISSE.txt;POSED;EconomicOperands;1
2018-CREDIT SUISSE.txt;PRINT;EconomicOperands;1
2018-CREDIT SUISSE.txt;PRIOR;EconomicOperands;3
2018-CREDIT SUISSE.txt;RANGE;EconomicOperands;1
2018-CREDIT SUISSE.txt;RAPID;EconomicOperands;2
2018-CREDIT SUISSE.txt;RISKS;EconomicOperands;2
2018-CREDIT SUISSE.txt;RULES;EconomicOperands;1
2018-CREDIT SUISSE.txt;SHARE;EconomicOperands;2
2018-CREDIT SUISSE.txt;SHORT;EconomicOperands;5
2018-CREDIT SUISSE.txt;STAFF;EconomicOperands;3
2018-CREDIT SUISSE.txt;STAYS;EconomicOperands;1
2018-CREDIT SUISSE.txt;STEPS;EconomicOperands;2
2018-CREDIT SUISSE.txt;VIEWS;EconomicOperands;1
2018-CREDIT SUISSE.txt;ABOUT;FunctionWords;3
2018-CREDIT SUISSE.txt;ABOVE;FunctionWords;2
2018-CREDIT SUISSE.txt;BELOW;FunctionWords;3
2018-CREDIT SUISSE.txt;COULD;FunctionWords;1
2018-CREDIT SUISSE.txt;DOING;FunctionWords;1
2018-CREDIT SUISSE.txt;GIVEN;FunctionWords;2
2018-CREDIT SUISSE.txt;THEIR;FunctionWords;8
2018-CREDIT SUISSE.txt;THESE;FunctionWords;9
2018-CREDIT SUISSE.txt;THOSE;FunctionWords;1
2018-CREDIT SUISSE.txt;UNDER;FunctionWords;9
2018-CREDIT SUISSE.txt;WHICH;FunctionWords;11
2018-CREDIT SUISSE.txt;WHOLE;FunctionWords;1
2018-CREDIT SUISSE.txt;WOULD;FunctionWords;11
2018-CREDIT SUISSE.txt;OTHER;LogicalConnectors;6
2018-CREDIT SUISSE.txt;WHERE;LogicalConnectors;2
2018-CREDIT SUISSE.txt;RATIO;LogicalConnectors;5
2018-CREDIT SUISSE.txt;WHILE;LogicalConnectors;4
2018-CREDIT SUISSE.txt;TOTAL;MathematicalOperators;2
2018-CREDIT SUISSE.txt;BASED;Other;1
2018-CREDIT SUISSE.txt;BASIS;Other;2
2018-CREDIT SUISSE.txt;FOUND;Other;1
2018-CREDIT SUISSE.txt;TABLE;Other;1
2018-CREDIT SUISSE.txt;TAKEN;Other;3
2018-CREDIT SUISSE.txt;TERMS;Other;2
2018-CREDIT SUISSE.txt;ALLOW;RegulatoryOperators;1
2018-CREDIT SUISSE.txt;2007;Attributes;1
2018-CREDIT SUISSE.txt;2008;Attributes;4
2018-CREDIT SUISSE.txt;2013;Attributes;1
2018-CREDIT SUISSE.txt;2014;Attributes;1
2018-CREDIT SUISSE.txt;2015;Attributes;5
2018-CREDIT SUISSE.txt;WELL;Attributes;1
2018-CREDIT SUISSE.txt;ABLE;EconomicOperands;2
2018-CREDIT SUISSE.txt;AUTO;EconomicOperands;1
2018-CREDIT SUISSE.txt;BACK;EconomicOperands;4
2018-CREDIT SUISSE.txt;BILL;EconomicOperands;5
2018-CREDIT SUISSE.txt;BOOK;EconomicOperands;6
2018-CREDIT SUISSE.txt;CASH;EconomicOperands;8
2018-CREDIT SUISSE.txt;CAST;EconomicOperands;8
2018-CREDIT SUISSE.txt;COME;EconomicOperands;1
2018-CREDIT SUISSE.txt;CORE;EconomicOperands;3
2018-CREDIT SUISSE.txt;DATA;EconomicOperands;4
2018-CREDIT SUISSE.txt;DATE;EconomicOperands;1
2018-CREDIT SUISSE.txt;DEBT;EconomicOperands;1
2018-CREDIT SUISSE.txt;FDIC;EconomicOperands;1
2018-CREDIT SUISSE.txt;FIRM;EconomicOperands;42
2018-CREDIT SUISSE.txt;FLOW;EconomicOperands;8
2018-CREDIT SUISSE.txt;FORM;EconomicOperands;2
2018-CREDIT SUISSE.txt;FUND;EconomicOperands;1
2018-CREDIT SUISSE.txt;HELP;EconomicOperands;1
2018-CREDIT SUISSE.txt;HIGH;EconomicOperands;2
2018-CREDIT SUISSE.txt;HOME;EconomicOperands;15
2018-CREDIT SUISSE.txt;HOST;EconomicOperands;3
2018-CREDIT SUISSE.txt;LAND;EconomicOperands;1
2018-CREDIT SUISSE.txt;LATE;EconomicOperands;1
2018-CREDIT SUISSE.txt;LEAD;EconomicOperands;1
2018-CREDIT SUISSE.txt;LOSS;EconomicOperands;5
2018-CREDIT SUISSE.txt;MINE;EconomicOperands;1
2018-CREDIT SUISSE.txt;NOTE;EconomicOperands;6
2018-CREDIT SUISSE.txt;PAGE;EconomicOperands;2
2018-CREDIT SUISSE.txt;PLAN;EconomicOperands;62
2018-CREDIT SUISSE.txt;PLAY;EconomicOperands;1
2018-CREDIT SUISSE.txt;RISK;EconomicOperands;5
2018-CREDIT SUISSE.txt;RULE;EconomicOperands;16
2018-CREDIT SUISSE.txt;SAFE;EconomicOperands;1
2018-CREDIT SUISSE.txt;SALE;EconomicOperands;1
2018-CREDIT SUISSE.txt;SIZE;EconomicOperands;1
2018-CREDIT SUISSE.txt;TEND;EconomicOperands;4
2018-CREDIT SUISSE.txt;TIER;EconomicOperands;2
2018-CREDIT SUISSE.txt;TIME;EconomicOperands;5
2018-CREDIT SUISSE.txt;TOOL;EconomicOperands;1
2018-CREDIT SUISSE.txt;UPON;EconomicOperands;1
2018-CREDIT SUISSE.txt;USED;EconomicOperands;1
2018-CREDIT SUISSE.txt;WAYS;EconomicOperands;2
2018-CREDIT SUISSE.txt;WIDE;EconomicOperands;6
2018-CREDIT SUISSE.txt;YEAR;EconomicOperands;1
2018-CREDIT SUISSE.txt;BEEN;FunctionWords;2
2018-CREDIT SUISSE.txt;DOWN;FunctionWords;1
2018-CREDIT SUISSE.txt;FROM;FunctionWords;6
2018-CREDIT SUISSE.txt;HAVE;FunctionWords;12
2018-CREDIT SUISSE.txt;INTO;FunctionWords;6
2018-CREDIT SUISSE.txt;JUST;FunctionWords;1
2018-CREDIT SUISSE.txt;MADE;FunctionWords;3
2018-CREDIT SUISSE.txt;MAKE;FunctionWords;2
2018-CREDIT SUISSE.txt;MOST;FunctionWords;1
2018-CREDIT SUISSE.txt;MUST;FunctionWords;2
2018-CREDIT SUISSE.txt;PART;FunctionWords;10
2018-CREDIT SUISSE.txt;SAME;FunctionWords;2
2018-CREDIT SUISSE.txt;SUCH;FunctionWords;2
2018-CREDIT SUISSE.txt;TAKE;FunctionWords;2
2018-CREDIT SUISSE.txt;THAN;FunctionWords;4
2018-CREDIT SUISSE.txt;THAT;FunctionWords;40
2018-CREDIT SUISSE.txt;THEM;FunctionWords;2
2018-CREDIT SUISSE.txt;THIS;FunctionWords;9
2018-CREDIT SUISSE.txt;WERE;FunctionWords;6
2018-CREDIT SUISSE.txt;WILL;FunctionWords;8
2018-CREDIT SUISSE.txt;WITH;FunctionWords;24
2018-CREDIT SUISSE.txt;BOTH;LogicalConnectors;1
2018-CREDIT SUISSE.txt;EACH;LogicalConnectors;5
2018-CREDIT SUISSE.txt;NONE;LogicalConnectors;1
2018-CREDIT SUISSE.txt;ALSO;LogicalConnectors;8
2018-CREDIT SUISSE.txt;LIKE;LogicalConnectors;1
2018-CREDIT SUISSE.txt;MORE;LogicalConnectors;3
2018-CREDIT SUISSE.txt;NEXT;LogicalConnectors;3
2018-CREDIT SUISSE.txt;ONLY;LogicalConnectors;4
2018-CREDIT SUISSE.txt;THEN;LogicalConnectors;2
2018-CREDIT SUISSE.txt;LESS;MathematicalOperators;1
2018-CREDIT SUISSE.txt;OVER;MathematicalOperators;2
2018-CREDIT SUISSE.txt;DUE;Attributes;2
2018-CREDIT SUISSE.txt;ODD;Attributes;7
2018-CREDIT SUISSE.txt;ABL;EconomicOperands;1
2018-CREDIT SUISSE.txt;AGE;EconomicOperands;1
2018-CREDIT SUISSE.txt;CAP;EconomicOperands;1
2018-CREDIT SUISSE.txt;DAY;EconomicOperands;2
2018-CREDIT SUISSE.txt;KEY;EconomicOperands;4
2018-CREDIT SUISSE.txt;LED;EconomicOperands;1
2018-CREDIT SUISSE.txt;MAP;EconomicOperands;5
2018-CREDIT SUISSE.txt;NEW;EconomicOperands;1
2018-CREDIT SUISSE.txt;OUT;EconomicOperands;1
2018-CREDIT SUISSE.txt;PIN;EconomicOperands;4
2018-CREDIT SUISSE.txt;SEC;EconomicOperands;2
2018-CREDIT SUISSE.txt;ARE;FunctionWords;15
2018-CREDIT SUISSE.txt;BAR;FunctionWords;7
2018-CREDIT SUISSE.txt;CAN;FunctionWords;5
2018-CREDIT SUISSE.txt;DID;FunctionWords;1
2018-CREDIT SUISSE.txt;FOR;FunctionWords;41
2018-CREDIT SUISSE.txt;HAD;FunctionWords;1
2018-CREDIT SUISSE.txt;HAS;FunctionWords;10
2018-CREDIT SUISSE.txt;HOW;FunctionWords;3
2018-CREDIT SUISSE.txt;ITS;FunctionWords;30
2018-CREDIT SUISSE.txt;MAY;FunctionWords;3
2018-CREDIT SUISSE.txt;MET;FunctionWords;1
2018-CREDIT SUISSE.txt;ONE;FunctionWords;2
2018-CREDIT SUISSE.txt;OUR;FunctionWords;1
2018-CREDIT SUISSE.txt;PER;FunctionWords;1
2018-CREDIT SUISSE.txt;SHE;FunctionWords;1
2018-CREDIT SUISSE.txt;THE;FunctionWords;301
2018-CREDIT SUISSE.txt;WAS;FunctionWords;2
2018-CREDIT SUISSE.txt;110;LegalReferences;1
2018-CREDIT SUISSE.txt;14A;LegalReferences;1
2018-CREDIT SUISSE.txt;165;LegalReferences;1
2018-CREDIT SUISSE.txt;17A;LegalReferences;2
2018-CREDIT SUISSE.txt;201;LegalReferences;42
2018-CREDIT SUISSE.txt;202;LegalReferences;9
2018-CREDIT SUISSE.txt;ACT;LegalReferences;7
2018-CREDIT SUISSE.txt;III;LegalReferences;3
2018-CREDIT SUISSE.txt;ALL;LogicalConnectors;2
2018-CREDIT SUISSE.txt;ANY;LogicalConnectors;4
2018-CREDIT SUISSE.txt;AND;LogicalConnectors;126
2018-CREDIT SUISSE.txt;BUT;LogicalConnectors;2
2018-CREDIT SUISSE.txt;NON;LogicalConnectors;2
2018-CREDIT SUISSE.txt;NOT;LogicalConnectors;12
2018-CREDIT SUISSE.txt;END;Other;7
2018-CREDIT SUISSE.txt;10;Attributes;2
2018-CREDIT SUISSE.txt;12;Attributes;15
2018-CREDIT SUISSE.txt;15;Attributes;1
2018-CREDIT SUISSE.txt;20;Attributes;1
2018-CREDIT SUISSE.txt;23;Attributes;1
2018-CREDIT SUISSE.txt;25;Attributes;1
2018-CREDIT SUISSE.txt;30;Attributes;3
2018-CREDIT SUISSE.txt;62;Attributes;4
2018-CREDIT SUISSE.txt;EC;EconomicOperands;1
2018-CREDIT SUISSE.txt;IT;EconomicOperands;10
2018-CREDIT SUISSE.txt;PE;EconomicOperands;2
2018-CREDIT SUISSE.txt;TR;EconomicOperands;9
2018-CREDIT SUISSE.txt;US;EconomicOperands;73
2018-CREDIT SUISSE.txt;VI;EconomicOperands;1
2018-CREDIT SUISSE.txt;AN;FunctionWords;23
2018-CREDIT SUISSE.txt;AT;FunctionWords;30
2018-CREDIT SUISSE.txt;BE;FunctionWords;16
2018-CREDIT SUISSE.txt;BY;FunctionWords;17
2018-CREDIT SUISSE.txt;DO;FunctionWords;1
2018-CREDIT SUISSE.txt;GO;FunctionWords;2
2018-CREDIT SUISSE.txt;IN;FunctionWords;129
2018-CREDIT SUISSE.txt;IS;FunctionWords;83
2018-CREDIT SUISSE.txt;OF;FunctionWords;97
2018-CREDIT SUISSE.txt;ON;FunctionWords;50
2018-CREDIT SUISSE.txt;TO;FunctionWords;127
2018-CREDIT SUISSE.txt;11;LegalReferences;2
2018-CREDIT SUISSE.txt;13;LegalReferences;2
2018-CREDIT SUISSE.txt;14;LegalReferences;1
2018-CREDIT SUISSE.txt;22;LegalReferences;1
2018-CREDIT SUISSE.txt;24;LegalReferences;4
2018-CREDIT SUISSE.txt;27;LegalReferences;1
2018-CREDIT SUISSE.txt;2F;LegalReferences;1
2018-CREDIT SUISSE.txt;32;LegalReferences;2
2018-CREDIT SUISSE.txt;36;LegalReferences;2
2018-CREDIT SUISSE.txt;38;LegalReferences;4
2018-CREDIT SUISSE.txt;39;LegalReferences;1
2018-CREDIT SUISSE.txt;46;LegalReferences;1
2018-CREDIT SUISSE.txt;48;LegalReferences;1
2018-CREDIT SUISSE.txt;4A;LegalReferences;1
2018-CREDIT SUISSE.txt;5D;LegalReferences;2
2018-CREDIT SUISSE.txt;E2;LegalReferences;1
2018-CREDIT SUISSE.txt;II;LegalReferences;5
2018-CREDIT SUISSE.txt;IV;LegalReferences;5
2018-CREDIT SUISSE.txt;IX;LegalReferences;1
2018-CREDIT SUISSE.txt;AS;LogicalConnectors;24
2018-CREDIT SUISSE.txt;IF;LogicalConnectors;6
2018-CREDIT SUISSE.txt;OR;LogicalConnectors;23
2018-CREDIT SUISSE.txt;SO;LogicalConnectors;13
2018-CREDIT SUISSE.txt;1;Attributes;10
2018-CREDIT SUISSE.txt;2;Attributes;10
2018-CREDIT SUISSE.txt;3;Attributes;7
2018-CREDIT SUISSE.txt;4;Attributes;4
2018-CREDIT SUISSE.txt;5;Attributes;6
2018-CREDIT SUISSE.txt;6;Attributes;8
2018-CREDIT SUISSE.txt;7;Attributes;9
2018-CREDIT SUISSE.txt;8;Attributes;35
2018-CREDIT SUISSE.txt;9;Attributes;5
2018-CREDIT SUISSE.txt;A;FunctionWords;107
2018-CREDIT SUISSE.txt;I;FunctionWords;63
2018-CREDIT SUISSE.txt;B;LegalReferences;14
2018-CREDIT SUISSE.txt;C;LegalReferences;83
2018-CREDIT SUISSE.txt;D;LegalReferences;38
2018-CREDIT SUISSE.txt;E;LegalReferences;203
2018-CREDIT SUISSE.txt;F;LegalReferences;44
2018-CREDIT SUISSE.txt;H;LegalReferences;22
2018-CREDIT SUISSE.txt;J;LegalReferences;10
2018-CREDIT SUISSE.txt;K;LegalReferences;12
2018-CREDIT SUISSE.txt;L;LegalReferences;105
2018-CREDIT SUISSE.txt;M;LegalReferences;29
2018-CREDIT SUISSE.txt;N;LegalReferences;40
2018-CREDIT SUISSE.txt;O;LegalReferences;27
2018-CREDIT SUISSE.txt;P;LegalReferences;24
2018-CREDIT SUISSE.txt;Q;LegalReferences;3
2018-CREDIT SUISSE.txt;R;LegalReferences;110
2018-CREDIT SUISSE.txt;T;LegalReferences;45
2018-CREDIT SUISSE.txt;U;LegalReferences;80
2018-CREDIT SUISSE.txt;V;LegalReferences;19
2018-CREDIT SUISSE.txt;X;LegalReferences;3
2018-CREDIT SUISSE.txt;Y;LegalReferences;46
2018-CREDIT SUISSE.txt;Z;LegalReferences;6
